Gail French,female
Ralph Adams,male
Martin Brown,male
Vicki James,female
Daniel Calderon,male
Patricia Wright,female
Janina Howard,female
John Sims,male
Rolando Rodriguez,male
Philip Cummings,male
Karen Mayes,female
Katherine Gustafson,female
Bill Stewart,male
Mike Mcdaniel,male
James Martinez,male
Sylvia Harris,female
Daryl Dunham,male
Norris Brock,male
Brandon Walrath,male
Milton Mcdowell,male
Mark Price,male
Jennifer Stovall,female
Tommy Niebuhr,male
Frances Bateman,female
Jose Ormond,male
Arthur Stephens,male
James Hamilton,male
Debbie Sims,female
Maureen Meyer,female
Ryan Yost,male
Joseph Hinkle,male
Joseph Perez,male
Joann Miles,female
Keith Mclane,male
Tiffany Crum,female
Matthew Voorhees,male
Melissa Prince,female
Nathan Frizzell,male
Dewey Fox,male
Dorothy Cowart,female
Ismael Alston,male
Janice Arredondo,female
John Granderson,male
Tamara Garcia,female
Deborah Palm,female
Alan Acosta,male
Linda Kerr,female
Marion Schneider,female
Rosemary Rutherford,female
Thomas Mceachin,male
Jeffrey Canup,male
Sherri Rice,female
Donald Herrera,male
Anabel Stewart,female
Angela Slater,female
Jody Kendrick,female
Eldon Eisenberg,male
Deborah Furness,female
Walter Kearney,male
Lorraine Clark,female
Gloria Hawkins,female
Catherine Brown,female
Ashley Acosta,female
Linda Guers,female
Ruben Spraggins,male
Roberto Velez,male
Kimberly Foy,female
Troy Sharrow,male
Kathy Sutton,female
Calvin Johnson,male
Ronald Kister,male
Martin Bras,male
Sylvia Diamond,female
Kevin Wyatt,male
Richard Magic,male
Sonya Vesey,female
Angie Haney,female
Michael Leggett,male
Bill Pruitt,male
Nicholas Rouse,male
Alva King,female
William Brown,male
Harry Fiedler,male
Nicole Harrison,female
Rose Norman,female
Fred Conzemius,male
Kelly Vogel,male
Joan Sixon,female
Dolores Kiser,female
Karen Winters,female
Darnell Roberts,male
Lori Weaver,female
Felicia Skinner,female
Nancy Ravenell,female
Jason Almeida,male
Pedro Bontrager,male
Terrance Oconnell,male
Lina Bristow,female
Duane Drewniak,male
Laura Walston,female
Richard Temme,male
Miranda Head,female
Mitch Savage,male
Robert Held,male
Adrian Washington,male
John Wiater,male
Martha Carter,female
Paula Janzen,female
Sarah Boyer,female
Tina Gamble,female
Patrick Naquin,male
William Roe,male
Roy Guidry,male
Marcelene Huhman,female
Tammy Whitesell,female
Jonathan Read,male
Tommie Clark,male
William May,male
Andrew Daniels,male
William Mckinney,male
John Cole,male
Lawrence Nations,male
Kathleen Hass,female
Carlos Berczel,male
Bobby Kell,male
Alexis Hayes,female
Charles Camp,male
Eric Nguyen,male
Williemae Wilhite,female
Jeffery Newman,male
Rose Dawson,female
Frances Yancey,female
Tracy Villegas,female
Paul Buck,male
Melissa Moody,female
Michael Edmond,male
Martha Vaquera,female
Emily Olsen,female
Elizabeth Day,female
Allan Hernandez,male
John Salinas,male
Blake Mellow,male
Jennifer Tracy,female
Clement Wooden,male
Russell Beltran,male
Lucas Mcmanus,male
David Curry,male
Sadie Phipps,female
Lucy Gill,female
Jannette Johnson,female
Verna Villegas,female
Robyn Giron,female
Loreen Lebrun,female
Antonio Burklow,male
Matthew Ford,male
Monica Odell,female
Thelma Boylan,female
Bonnie Thomas,female
Avis Broach,female
William Hinton,male
Socorro Baker,female
Lawrence Jordan,male
James Head,male
Lynette Beatty,female
Doris Hernandez,female
Lisa Berryman,female
David Lopez,male
Jeremy Mcgill,male
Ernest Eberhardt,male
Sara Turner,female
Tim Moss,male
Dwight Mann,male
Susan Bednorz,female
Connie Smit,female
Darlene Hall,female
Harold Romig,male
Allen Asher,male
Sherita Dotson,female
Louann Hancock,female
Wilbert Shanholtz,male
Chanda Heffernan,female
Olga Snedeker,female
Carmen Bolden,female
Gary Blazek,male
Russell Mailloux,male
Macy Bailey,female
James Marzinske,male
Willie Fraizer,male
Sheila Davis,female
Bambi Doyle,female
Thomas Higgs,male
Linda Wesley,female
Catherine Gindlesperger,female
Joel Nigro,male
Marion Hirko,male
Rachel Bullock,female
Theresa Daniels,female
Joe Whitcher,female
Frank Tanaka,male
Betty Spahr,female
Jerry Hockins,male
Enrique Albertson,male
Jocelyn Bailey,female
Ana Kahele,female
Randal Wilburn,male
Sherman Mcfarlin,male
Andrea Mitchell,female
Ignacio Colwell,male
June Acuna,female
James Sierra,male
Annette Lanser,female
Rosemary Rigsby,female
Susan Fitzgerald,female
Enid Fisher,female
Jose Washington,male
Tai Patrick,female
Sarah Currie,female
Wilma Gifford,female
Billy Arredondo,male
Ned Dipasquale,male
Lillian Salisbury,female
Hershel Thompson,male
Kathleen Mcinnis,female
Sharon Dame,female
Tad Little,male
Milton Cate,male
David Keiper,male
Ethel Gallegos,female
Jonathan Fruchter,male
Lillie Jones,female
Shirley Rosas,female
Willard Pegoda,male
Patricia Brown,female
Peter Rodriguez,male
Mary Hackathorn,female
James Hidinger,male
Christopher Rigsby,male
Ron Allen,male
Latricia Pinedo,female
Tiffany Gray,female
Dolores Markham,female
Alisha Talavera,female
Todd Rose,male
Mary Oun,female
Michelle Goss,female
Mitchell Lambert,male
Carylon Gordon,female
Kevin Mastroianni,male
Thelma Hartel,female
Michael Dishman,male
Anthony Good,male
Andrew Wille,male
Kerry Marshall,male
Sallie Hallman,female
Arthur Numbers,male
Aaron Sas,male
Dorothy Delrosso,female
Kristi Luke,female
John Mumford,male
John Brown,male
Gladys Gowins,female
Edgar Rice,male
William Stefaniak,male
Shane Ernesto,male
Erica Garza,female
James Barnes,male
Lawrence Cheng,male
Dona Graham,female
Terri Thomason,female
Stephen Borg,male
Anna Martinez,female
Anita Javier,female
Meaghan Johnson,female
Michele Smith,female
Lorenzo Mccann,male
Mary Emch,female
William Kirk,male
Jack Trotter,male
Mary Daniels,female
Doris Hays,female
Debroah Dyer,female
Shirley Burgess,female
Angela Moreno,female
Viola Kendall,female
Myrtle Seymour,female
Mildred Willis,female
Eric White,male
Stephanie Lewis,female
Thomas Caldwell,male
Charles Williams,male
Esther Hazen,female
Larry Schmidt,male
Katelyn Tice,female
Cindi Turk,female
Michael Rudd,male
Cathy Mcrae,female
Jessica Kenney,female
Elena Johnson,female
Amber Minnick,female
William Chapa,male
Napoleon Alston,male
Lee Geiger,male
Debbie Wills,female
William Reyes,male
Rosa Garland,female
Deanna Hatcher,female
Carrie Trotter,female
Brent Coffey,male
Rachel Jackson,female
Ashley Carrillo,female
Mallory Lotton,female
Jacob Shin,male
Raymond Springfield,male
Martha Walsh,female
Michael Galbreath,male
Juan Gwinn,male
Karin Neglia,female
Robert Ashley,male
Jennifer Munger,female
Gregorio Perry,male
Walter Malone,male
Jason Shinn,male
Anna Soriano,female
Elizabeth Smith,female
David Barto,male
Lee Adens,male
William Dickinson,male
John Arthurs,male
Adam Calcote,male
Shannon Bachrach,female
Mary Clark,female
Mary Jones,female
David Anderson,male
Debra Huber,female
Anthony Whitsitt,male
James King,male
Joseph Odell,male
Mable Moore,female
Jason Mckee,male
Nicholas Barger,male
Nicholas Dwyer,male
Maria Borja,female
Terry Robinson,male
Rita Macdonald,female
William Richey,male
George Gutierrez,male
Laura Dawson,female
James Camacho,male
Stella Repinski,female
Donna Howell,female
Sonja Anderson,female
Allen Shade,male
Susan Maple,female
Octavio Dean,male
Robert Canales,male
Jesse Bourque,male
Rachel Morgan,female
Roy Jessup,male
Andrea Salomone,female
Lois Vazquez,female
William Mccutchen,male
Cristina Obermeyer,female
Velda Fridman,female
David Warfield,male
Herbert Lodge,male
Shelley Norris,female
Michele Rodriguez,female
Haley Walker,female
Karon Roland,female
Carrie King,female
Joan Edwards,female
Joseph Yancy,male
Angela Whorton,female
Johnathan Walker,male
Dorothy Nelson,female
Tom Short,male
Crystal Lia,female
James Dagan,male
Lela Schippers,female
Bradley Murdock,male
Alejandro Langford,male
Concha Sterling,female
Katie Harrison,female
Elsie Hall,female
Paul Silvers,male
Otis Hernandez,male
Jennifer Holmes,female
Amos Kmiotek,male
Oliver Washington,male
Hilda Huggins,female
Rebecca Miller,female
Janise Powe,female
Kurtis Henry,male
Sara Cole,female
Sharon Hetz,female
Rebecca Lundberg,female
Fausto Watkins,male
Inez Fisher,female
Angelica Charan,female
John Hinkle,male
Susan Hamamoto,female
Michael Austin,male
William Mcdaniel,male
Joel Hall,male
Robert Ray,male
Jimmy Armstrong,male
Lori Pharis,female
Caitlin Cates,female
Karen Delvalle,female
Ursula Delgado,female
Judy Wright,female
Don Brown,male
Vera Hess,female
Louise Akin,female
Tony King,male
Daniel Forbes,male
Debra Fowler,female
Richard Fissel,male
William Jarman,male
Rolando Scott,male
Jeffrey Robinson,male
Robert Crum,male
Gregg Johnson,male
Margaret Blum,female
Susan Harris,female
Dale Clark,male
Mike Tolle,male
Sandra Young,female
Ruth Plack,female
Bethany Chavez,female
Scott Thomas,male
Janet Cumings,female
Anh Giddings,female
Ronald Green,male
Sophie Mickelson,female
Monroe Cortez,male
Kathleen Crewe,female
Ray Fulford,male
Evelyn Mason,female
Billy Murphy,male
Damion Galbo,male
Gregory Pitman,male
Constance Hines,female
Candace Alcorn,female
Mamie Fair,female
Kimberly Collins,female
Dorothy Britton,female
Cassandra Czech,female
Matthew Spaulding,male
Melissa Laird,female
Dale Isaac,male
Donna Belknap,female
Dawn Johnson,female
Victoria Wood,female
Oscar Washington,male
Louise Miller,female
Kenneth Taylor,male
Mary Sanchez,female
Eva Blankenship,female
Deborah Rael,female
Tamara Sommerfield,female
Benjamin Guidry,male
Kip Lyons,male
Agnes Ines,female
Brian Kay,male
Michael Magnanti,male
Lakisha Martinez,female
Jason Branch,male
Patricia Rogers,female
Richard Blanton,male
Debra Campbell,female
Elizabeth Anderson,female
Jill Harting,female
Scott Stehlik,male
David Meyerson,male
Amanda Hope,female
Nickolas Whatley,male
Michael Slough,male
Rosalina Torres,female
Kaitlin Dixon,female
Michaela Romero,female
Joseph Ryan,male
Inez Benefield,female
Linda Castro,female
Celeste Schwendinger,female
Michael Doan,male
Curtis Ryan,male
James Cunningham,male
Mae Belk,female
Heather Craner,female
James Moriarty,male
Jonathan Barone,male
Joseph Harris,male
Elaine Hall,female
Josephina Peden,female
Arnold Miller,male
Jane Lamb,female
Walter Wade,male
Mark Tesh,male
Kerry Mcbrien,female
Jimmy Manzi,male
Amanda Mcloughlin,female
Donald Galindo,male
Amy Edwards,female
Steven Peterson,male
Katie Bradley,female
Earl Oxley,male
John Gillespie,male
Dawn Gandolfi,female
Candice Nelson,female
Shirley Martinez,female
Beverly David,female
Jorge Anderson,male
Emilia Adams,female
Victor Brown,male
Leslie Thompson,male
George Quintana,male
Kathleen Fairchild,female
Dennis Huff,male
Shirley Wise,female
April Summitt,female
Kelly Garcia,female
Gigi Washington,female
Janice Shearon,female
Jeff Gadberry,male
Gail Ortiz,female
Christine Wilson,female
Loretta Nagle,female
Peter Chapman,male
Kimberly Walker,female
Patricia Lloyd,female
Charlene Kennedy,female
Walter Rakowski,male
Lisa Arebalo,female
Jody Gibbs,male
Teresa Irwin,female
Paul Herbst,male
Mary Almaraz,female
Brian Chicas,male
Betty Craig,female
Willie Rozzi,female
Anita Houser,female
Jerome Marks,male
Francis Antoine,male
Linda Weston,female
Vinita Williams,female
Lilly Eglinton,female
Erick Johnson,male
Jesus Pirrone,male
Sandra Salmeron,female
Linda Gallion,female
Holly Robinett,female
Karen Phillips,female
Christopher Miller,male
Raymond Kang,female
Ramon Hickson,male
Maria Scott,female
Margaret Credi,female
Michael Wood,male
Ralph Bayer,male
Henrietta Mansfield,female
Grady Bristol,male
Robert Klein,male
William Meza,male
George Kutner,male
Beverlee Fimbres,female
Joyce Smith,female
Tom Vinson,male
Wanda Jones,female
Timothy Glass,male
Lauren Brown,female
Bradley Cook,male
Richard Smith,male
Christopher Sanders,male
Burton Janelle,male
Elena Brown,female
Bessie Eckard,female
Emely Barnes,female
Kandy Rice,female
Alexander Neely,male
Kaye Sumrall,female
Hugh Cox,male
Cassandra Wagner,female
Kevin Jones,male
Thelma Lewis,female
Diana Walker,female
Scott Abraham,male
Dorothy Lupkes,female
Virginia Sidwell,female
Edith Bass,female
Miguel Edgington,male
Bonnie Finley,female
James Fagnani,male
Lamont Miller,male
Jean Doan,female
Freddie Hicks,male
Sally Smith,female
Paul Barrick,male
Brian Barnes,male
James Barnes,male
Jason Garcia,male
Matthew Odom,male
Jason Boudreaux,male
Pablo Anderson,male
Charles Casillas,male
David Wilkerson,male
Lucina Verch,female
Helen Bunn,female
Kimberly Marinelli,female
Tony Watts,male
Phyllis Robinson,female
Christopher Ake,male
Jason Arceo,male
Kerry Ceniceros,female
Bobby Santos,male
Steven Bowman,male
Bernice Esquivez,female
Heather Post,female
Alexander Bristow,male
Gary Roberts,male
Marie Hanna,female
Norma Moore,female
Allie Hill,female
Lee Wu,male
David Jewell,male
Kitty Hammack,female
Michael Scott,male
Felecia Miller,female
Harry Mcgann,male
Stephen Sanchez,male
Rodney Neal,male
David Leatherman,male
Aaron Rigney,male
Alyce Bridges,female
Sandra Clanton,female
Freddy Sage,male
Cynthia Lopez,female
Anthony Mcdaniel,male
William Howard,male
Chad Garton,male
Carolyn Richards,female
Barbara Aron,female
James Ackies,male
Russell Catlett,male
Yu Merritt,female
Randy Ponder,male
Larry Rhodes,male
Nancy Wayman,female
Thomas Williams,male
David Garcia,male
Angel Duarte,female
Jennifer Eledge,female
Tracy Vazquez,female
Mary Tatum,female
Susie Smith,female
Lillian Nopper,female
Alice Avila,female
Joy May,female
Joanne Franklin,female
Mary Underwood,female
Mary Melton,female
Catherine Davenport,female
Frances Mahoney,female
Kathleen Barnhart,female
Mary Farley,female
Christopher Baadsgaard,male
Clara Parks,female
Jason Clayton,male
Noah Satmary,male
Nancy Garay,female
Judith Bardin,female
Mary Washington,female
Danielle Moody,female
Jerry Rataj,male
Cynthia Daley,female
Lolita Gill,female
Edward Infante,male
Anthony Gaines,male
Georgia Cooper,female
Gregory Briant,male
Margaret Colli,female
Mirta Mcniell,female
Boris Ward,male
Lillian Slemmons,female
Barbara Rivenburg,female
Shane Garcia,male
Carol Edwards,female
Carol Harper,female
Ivy Padgett,female
Tammy Kelly,female
Danielle Bowman,female
Alan Purdy,male
Douglas Lopez,male
Norman Poirier,male
Candace Sherrod,female
Rosemary Jackson,female
Martha Brown,female
Sylvia Fisher,female
Kenneth Browning,male
Lillian Hixon,female
Debra Halverson,female
Brian Fischer,male
Sara Birden,female
Alfred Ballard,male
Marcia Silva,female
Timothy Desantis,male
Diane Spotted,female
Elinor Jimison,female
Jamie Gonzalez,female
Patricia Jividen,female
Kristen Brock,female
Isabell Cameron,female
Rosa Steiner,female
Elba Prendergast,female
Eric Staton,male
Alice Vazquez,female
Luis Vera,male
Jack Scott,male
Kathi Ainslie,female
Audrey Nieves,female
Hallie Irwin,female
Dan Ramirez,male
Linda Jaeger,female
Ramona Gailes,female
Jeremy Jones,male
Sandra Ross,female
Kimberly Robinson,female
John Moczo,male
Angelic Custer,female
David Zenker,male
Janice Aleman,female
Alyce Seals,female
Susie Johnston,female
Carol Wilson,female
Jesse Hough,male
Debra Sarate,female
Lanie Rosato,female
Charlene Connors,female
Clara Tuohy,female
Alice Brownlee,female
Yvette Fish,female
Clifford Garcia,male
Ida Hill,female
Joseph Taylor,male
Ashley Rabelo,female
Denise Wilson,female
Megan Pruitt,female
Rodney Crume,male
Carol Hunter,female
Julia Miguel,female
Jessica Collins,female
Scarlett Newman,female
Wade Walker,male
Ernestine Rehart,female
Mark Friedman,male
Bertie Bratcher,female
Kyle Velez,male
Carolyn Mccan,female
Elisha Young,female
Seth Bird,male
Kristen Carson,female
Lisa Gossett,female
Becky Keeton,female
Jeffrey Sale,male
Michael Lyons,male
Sean Mack,male
Ernest Bright,male
Laura Fasciano,female
Esteban Mcfarland,male
Jean Harris,female
Ernest Black,male
Joy Price,female
Lakeisha Edmondson,female
Julianna Tucker,female
Rod Leblanc,male
Sabrina Rooney,female
Elva Otto,female
Alvera Phillips,female
Barbara Wolf,female
Ronald Gibbons,male
Becky Wilkins,female
Craig Ditch,male
Alexandra Campbell,female
William Keeney,male
Robert Mattioli,male
Jonathan Mccosker,male
Robert Ramon,male
Jessica Steely,female
Mary Aplin,female
Jewel Gaub,female
George Hendryx,male
Sierra Francis,female
Derek Ahmad,male
Raymond Pat,male
Cleveland Beer,male
Ellen Johnson,female
Joan Eberhardt,male
Napoleon Brooks,male
Danielle Hagan,female
Delbert Richards,male
Marsha Barney,female
Elissa Triggs,female
Paul Franz,male
Celia Engles,female
Todd Mcnabb,male
Janette Lathan,female
Jennifer Wallin,female
Douglas Sisler,male
Lisa Allen,female
Justin Hoage,male
Andrea Moores,female
Quincy Delvalle,male
Lakeshia Wright,female
Christen Jonas,female
Janice Brickman,female
Teresa Ferrier,female
Benjamin Lofton,male
Jason Tyree,male
Jill Leslie,female
Becky Scott,female
Barbara Reyes,female
Shawn Kenner,male
Ricardo Kyser,male
Mark Colburn,male
Richard Eaton,male
Stephen Buck,male
Mitchell Mathis,male
Anna Barke,female
Carol Finley,female
Kenneth Legros,male
Raymond Jandreau,male
Patricia Dison,female
Paul Korbal,male
Mary Ferguson,female
Jeana Roquemore,female
Ronald Stokes,male
Melinda Cohen,female
James Ward,male
Patricia Morgan,female
Michelle Britton,female
Harold Jenkins,male
George Darrell,male
Thomas Wood,male
Stephanie Kidder,female
Patricia Mcguire,female
Rhiannon Bailey,female
Brian Chacon,male
Sherlyn Fullmer,female
Amanda Landsman,female
Jose Kelley,male
Melissa Jones,female
Zelma Curry,female
Iva Laing,female
Mary Grimshaw,female
Daisy Reed,female
Frieda Russell,female
Melody Davis,female
Stephanie Pascual,female
Kelvin Gibbons,male
John Driggers,male
Gigi Cisco,female
Angela Camarena,female
Nora Thorton,female
Helen Landry,female
Amy Roberts,female
Zachary Gillespie,male
Faith King,female
John Neihart,male
Beatrice Hesselschward,female
Christopher Gonzales,male
Richard Medina,male
Hector Millar,male
Ian Addison,male
Nena Atkins,female
Stephen Mcdaniel,male
Charley Williams,male
Michele Leboeuf,female
Virginia Dickey,female
Harry Patterson,male
Paul Barrio,male
Lorie Ferrell,female
Melissa Meyer,female
Stephane Whitford,female
William Hall,male
William Warner,male
Leanna Clarke,female
Jeff Winger,male
Roger Brown,male
Iva Young,female
Robert Wright,male
Dorothy Froneberger,female
Matthew Fritsch,male
Jane Luchesi,female
Lela Hedrick,female
Richard Martineau,male
William Decker,male
Vera Kassin,female
Sue Arnold,female
Jane Scott,female
Carmelo Pizarro,male
Jose Walker,male
Dawn Felicano,female
Perry Garcia,male
Diane Harper,female
Shonda Lajaunie,female
Terri Abadie,female
Thomas Broege,male
William Armstrong,male
Philip Koenig,male
Adam Buggie,male
Thad Wiersteiner,male
Teri Martin,female
Jim Levine,male
Charlotte Gonzalez,female
Donald Block,male
Theresa Tiller,female
John Robison,male
Cecil Hock,male
Adrienne Jordan,female
William Sandefur,male
Thomas Holloman,male
Glenn White,male
Henry Dahlman,male
Kevin Palmer,male
James Ives,male
Todd Collins,male
Christina Santos,female
Jesse Morrell,male
Kevin Christy,male
Sean Brown,male
Cathy Gray,female
Gerardo Williams,male
Albert Hernandez,male
Vince Taylor,male
Jose Valdez,male
Dale Leeper,male
Dorothy Thompson,female
Michael Davis,male
Martin Mejia,male
Tammy Clyatt,female
Celia Simmons,female
James Suarez,male
Margaret Langholz,female
Anthony Ortiz,male
Ryan Puulei,male
Arthur Stern,male
Marlene Hollister,female
Michael Ferreira,male
Juan Shuler,male
Frances Mottillo,female
Jesse Hledik,male
Michael Stansberry,male
Dean Carnahan,male
Mary Cosner,female
Marvel Scholler,female
George Davis,male
Scott Rush,male
James Tewksbury,male
Anne James,female
Rose Landis,female
Craig James,male
Grady Heiser,male
Maria Jenkins,female
Angie Jones,female
Mary Orozco,female
Maurice Lejeune,male
Carolyn Wrona,female
Douglas Seymore,male
Lee Cayer,male
Dolores Sommerfeld,female
Shirley Spivey,female
Sharon Cox,female
Jo Tang,female
Herman Smith,male
Lillian Prince,female
Virginia Mcbroom,female
Mary Duncan,female
Sarah Oliver,female
Elias Morganfield,male
Amy Estes,female
Dennis Harrington,male
Christine Mendez,female
Criselda Richerson,female
Charles Freeman,male
William Mcdonald,male
Denise Nasser,female
Gloria Weathersby,female
Kyle Ohagan,male
Walter Price,male
David Koopman,male
Tiffany Templeton,female
Andrew Gohn,male
Betty Swanson,female
Christy Wright,female
Mary Forry,female
Jo Johnson,female
Richard Ramey,male
Christi Dore,female
Mary Veliz,female
Steve Walker,male
