year,month,day,associated_tsunami,associated_earthquake,name,location,country,latitude,longitude,elevation,type,status,time,volcano_explosivity_index_vei,agent,deaths,deaths_description,missing,missing_description,injuries,injuries_description,damage_millions_dollars,damage_description,houses_destroyed,houses_destroyed_description,total_deaths,total_deaths_description,total_missing,total_missing_description,total_injuries,total_injuries_description,total_damage_millions_dollars,total_damage_description,total_houses_destroyed,total_houses_destroyed_description,location_2
-4360,,,,,Macauley Island,Kermadec Is,New Zealand,-30.2,-178.47,238,Caldera,Holocene,U,6,,,,,,,,,,,,,,,,,,,,,,POINT(-178.47 -30.2)
-4350,,,,,Kikai,Ryukyu Is,Japan,30.78,130.28,717,Caldera,Historical,D1,7,P,,3,,,,,,3,,3,,3,,,,,,3,,3,POINT(130.28 30.78)
-4050,,,,,Masaya,Nicaragua,Nicaragua,11.984,-86.161,635,Caldera,Historical,D1,6,,,,,,,,,,,,,,,,,,,,,,POINT(-86.161 11.984)
-4000,,,,,Pago,New Britain-SW Pac,Papua New Guinea,-5.58,150.52,742,Caldera,Historical,D2,6,,,1,,,,,,1,,,,,,,,,,,,,POINT(150.52 -5.58)
-3580,,,,,Taal,Luzon-Philippines,Philippines,14.002,120.993,400,Stratovolcano,Historical,D1,6,,,,,,,,,,,,,,,,,,,,,,POINT(120.993 14.002)
-3550,,,,,Pinatubo,Luzon-Philippines,Philippines,15.13,120.35,1486,Stratovolcano,Historical,D1,6,,,,,,,,,,,,,,,,,,,,,,POINT(120.35 15.13)
-2040,,,,,Long Island,New Guinea-NE of,Papua New Guinea,-5.358,147.12,1280,Complex volcano,Historical,D1,6,,,,,,,,,,,,,,,,,,,,,,POINT(147.12 -5.358)
-1900,,,,,Black Peak,Alaska Peninsula,United States,56.53,-158.8,1032,Stratovolcano,Radiocarbon,D7,6,,,,,,,,,,,,,,,,,,,,,,POINT(-158.8 56.53)
-1890,,,,,"Hudson, Cerro",Chile-S,Chile,-45.9,-72.97,1905,Stratovolcano,Historical,D1,6,,,,,,,,,,,,,,,,,,,,,,POINT(-72.97 -45.9)
-1860,,,,,St. Helens,US-Washington,United States,46.2,-122.18,2549,Stratovolcano,Historical,D1,6,,,,,,,,,,,,,,,,,,,,,,POINT(-122.18 46.2)
-1750,,,,,Veniaminof,Alaska Peninsula,United States,56.17,-159.38,2507,Stratovolcano,Historical,D1,6,,,,,,,,,,,,,,,,,,,,,,POINT(-159.38 56.17)
-1645,,,,,Aniakchak,Alaska Peninsula,United States,56.88,-158.17,1341,Caldera,Historical,D2,6,,,,,,,,,,,,,,,,,,,,,,POINT(-158.17 56.88)
-1610,,,TSU,EQ,Santorini,Greece,Greece,36.404,25.396,329,Shield volcano,Historical,D2,6,W,,,,,,,,,,,,3,,,,,,3,,,POINT(25.396 36.404)
-1550,,,TSU,,Redoubt,Alaska-SW,United States,60.48,-152.75,3108,Stratovolcano,Historical,D1,,,,,,,,,,,,,,,,,,,,,,,POINT(-152.75 60.48)
-1460,,,,,Taupo,New Zealand,New Zealand,-38.82,176,760,Caldera,Radiocarbon,D6,6,,,,,,,,,,,,,,,,,,,,,,POINT(176 -38.82)
-1370,,,,,Pago,New Britain-SW Pac,Papua New Guinea,-5.58,150.52,742,Caldera,Historical,D2,6,,,,,,,,,,,,,,,,,,,,,,POINT(150.52 -5.58)
-1050,,,,,Pinatubo,Luzon-Philippines,Philippines,15.13,120.35,1486,Stratovolcano,Historical,D1,6,,,,,,,,,,,,,,,,,,,,,,POINT(120.35 15.13)
-250,,,,,Raoul Island,Kermadec Is,New Zealand,-29.27,-177.92,516,Stratovolcano,Historical,D1,6,,,,,,,,,,,,,,,,,,,,,,POINT(-177.92 -29.27)
-197,,,TSU,,Santorini,Greece,Greece,36.404,25.396,329,Shield volcano,Historical,D2,3,,,,,,,,,,,,,,,,,,,,,,POINT(25.396 36.404)
-150,,,,,St. Andrew Strait,Admiralty Is-SW Paci,Papua New Guinea,-2.38,147.35,270,Complex volcano,Historical,D2,,,,3,,,,,,,,,,3,,,,,,,,,POINT(147.35 -2.38)
-141,,,,,Etna,Italy,Italy,37.734,15.004,3350,Stratovolcano,Historical,D1,,,40,1,,,,,,,,,40,1,,,,,,,,,POINT(15.004 37.734)
-100,,,,,Okmok,Aleutian Is,United States,53.42,-168.13,1073,Shield volcano,Historical,D1,6,,,,,,,,,,,,,,,,,,,,,,POINT(-168.13 53.42)
-50,,,,,Apoyeque,Nicaragua,Nicaragua,12.242,-86.342,518,Pyroclastic shield,Radiocarbon,D7,6,,,,,,,,,,,,,,,,,,,,,,POINT(-86.342 12.242)
46,,,TSU,,Santorini,Greece,Greece,36.404,25.396,329,Shield volcano,Historical,D2,3,,,,,,,,,,,,,,,,,,,,,,POINT(25.396 36.404)
50,,,,,Ambrym,Vanuatu-SW Pacific,Vanuatu,-16.25,168.12,1334,Pyroclastic shield,Historical,D1,6,,,,,,,,,,,,,,,,,,,,,,POINT(168.12 -16.25)
60,,,,,Bona-Churchill,Alaska-E,United States,61.38,-141.75,5005,Stratovolcano,Radiocarbon,D6,6,,,,,,,,,,,,,,,,,,,,,,POINT(-141.75 61.38)
79,8,24,,,Vesuvius,Italy,Italy,40.821,14.426,1281,Complex volcano,Historical,D2,5,"P,T",3500,4,,,,,,,,,3500,4,,,,,,,,,POINT(14.426 40.821)
200,,,,,"Arhab, Harra of",Arabia-S,Yemen,15.63,44.08,3100,Volcanic field,Historical,D6,,,,,,,,,,1,,,,,,,,,,1,,,POINT(44.08 15.63)
230,,,,,Taupo,New Zealand,New Zealand,-38.82,176,760,Caldera,Radiocarbon,D6,6,,,,,,,,,,,,,,,,,,,,,,POINT(176 -38.82)
240,,,,,Ksudach,Kamchatka,Russia,51.8,157.53,1079,Stratovolcano,Historical,D2,6,,,,,,,,,,,,,,,,,,,,,,POINT(157.53 51.8)
350,,,TSU,,Augustine,Alaska-SW,United States,59.37,-153.42,1252,Lava dome,Historical,D1,,,,,,,,,,,,,,,,,,,,,,,POINT(-153.42 59.37)
416,,,TSU,,Krakatau,Indonesia,Indonesia,-6.102,105.423,813,Caldera,Historical,D1,,W,,1,,,,,,1,,,,3,,,,,,4,,,POINT(105.423 -6.102)
450,,,,,Ilopango,El Salvador,El Salvador,13.672,-89.053,450,Caldera,Historical,D3,6,,30000,4,,,,,,,,,30000,4,,,,,,,,,POINT(-89.053 13.672)
500,,,,,"Arhab, Harra of",Arabia-S,Yemen,15.63,44.08,3100,Volcanic field,Historical,D6,,,,,,,,,,1,,,,,,,,,,1,,,POINT(44.08 15.63)
540,,,,,Rabaul,New Britain-SW Pac,Papua New Guinea,-4.271,152.203,688,Pyroclastic shield,Historical,D1,6,,,,,,,,,1,,,,,,,,,,,,,POINT(152.203 -4.271)
590,,,,,San Salvador,El Salvador,El Salvador,13.736,-89.286,1893,Stratovolcano,Historical,D2,,,,1,,,,,,,,,,1,,,,,,,,,POINT(-89.286 13.736)
640,,,,,"Uwayrid, Harrat",Arabia-W,Saudi Arabia,27.08,37.25,1900,Volcanic field,Anthropology,D6,2,T,,1,,,,,,,,,,1,,,,,,,,,POINT(37.25 27.08)
710,,,,,Pago,New Britain-SW Pac,Papua New Guinea,-5.58,150.52,742,Caldera,Historical,D2,6,,,,,,,,,,,,,,,,,,,,,,POINT(150.52 -5.58)
764,,,,,Sakura-jima,Kyushu-Japan,Japan,31.58,130.67,1117,Stratovolcano,Historical,D1,4,"T,L",80,2,,,,,,,,,80,2,,,,,,,,,POINT(130.67 31.58)
766,7,20,TSU,EQ,Sakura-jima,Kyushu-Japan,Japan,31.58,130.67,1117,Stratovolcano,Historical,D1,3,,,3,,,,,,,,,,3,,,,,,,,,POINT(130.67 31.58)
787,,,,,Vesuvius,Italy,Italy,40.821,14.426,1281,Complex volcano,Historical,D2,3,,,1,,,,,,1,,,,1,,,,,,1,,,POINT(14.426 40.821)
800,,,,,Dakataua,New Britain-SW Pac,Papua New Guinea,-5.056,150.108,400,Caldera,Anthropology,D3,6,,,,,,,,,,,,,,,,,,,,,,POINT(150.108 -5.056)
800,,,,,Bona-Churchill,Alaska-E,United States,61.38,-141.75,5005,Stratovolcano,Radiocarbon,D6,6,,,,,,,,,,,,,,,,,,,,,,POINT(-141.75 61.38)
920,,,,,Katla,Iceland-S,Iceland,63.63,-19.05,1512,Subglacial volcano,Historical,D2,4,,,,,,,,,1,,,,,,,,,,,,,POINT(-19.05 63.63)
930,,,,,Ceboruco,Mexico,Mexico,21.125,-104.508,2280,Stratovolcano,Historical,D3,6,,,,,,,,,,,,,,,,,,,,,,POINT(-104.508 21.125)
934,,,,,Katla,Iceland-S,Iceland,63.63,-19.05,1512,Subglacial volcano,Historical,D2,4,,,,,,,,,1,,,,,,,,,,1,,,POINT(-19.05 63.63)
950,,,,,Katla,Iceland-S,Iceland,63.63,-19.05,1512,Subglacial volcano,Historical,D2,,,,,,,,,,1,,,,,,,,,,,,,POINT(-19.05 63.63)
1000,,,,,Changbaishan,China-E,North Korea,41.98,128.08,2744,Stratovolcano,Historical,D4,7,,,,,,,,,,,,,,,,,,,,,,POINT(128.08 41.98)
1050,,,TSU,,Santorini,Greece,Greece,36.404,25.396,329,Shield volcano,Historical,D2,,,,,,,,,,,,,,,,,,,,,,,POINT(25.396 36.404)
1104,10,15,,,Hekla,Iceland-S,Iceland,63.98,-19.7,1491,Stratovolcano,Historical,D1,5,,,,,,,,,1,,,,,,,,,,1,,,POINT(-19.7 63.98)
1151,,,,,Krisuvik,Iceland-SW,Iceland,63.93,-22.1,379,Crater rows,Historical,D6,1,,,,,,,,,1,,,,,,,,,,1,,,POINT(-22.1 63.93)
1158,1,19,,,Hekla,Iceland-S,Iceland,63.98,-19.7,1491,Stratovolcano,Historical,D1,4,,,,,,,,,1,,,,,,,,,,1,,,POINT(-19.7 63.98)
1169,2,4,TSU,EQ,Etna,Italy,Italy,37.734,15.004,3350,Stratovolcano,Historical,D1,,"S,W",,,,,,,,,,,16000,4,,,,,,4,,,POINT(15.004 37.734)
1169,2,11,TSU,,Etna,Italy,Italy,37.734,15.004,3350,Stratovolcano,Historical,D1,,,,,,,,,,,,,,,,,,,,,,,POINT(15.004 37.734)
1177,,,,,Katla,Iceland-S,Iceland,63.63,-19.05,1512,Subglacial volcano,Historical,D2,3,,,,,,,,,1,,,,,,,,,,1,,,POINT(-19.05 63.63)
1206,12,4,,,Hekla,Iceland-S,Iceland,63.98,-19.7,1491,Stratovolcano,Historical,D1,2,,,,,,,,,1,,,,,,,,,,1,,,POINT(-19.7 63.98)
1250,,,,,Fentale,Africa-NE,Ethiopia,8.975,39.93,2007,Stratovolcano,Historical,D3,,,,,,,,,,1,,,,,,,,,,,,,POINT(39.93 8.975)
1262,,,,,Katla,Iceland-S,Iceland,63.63,-19.05,1512,Subglacial volcano,Historical,D2,3,F,,1,,,,,,,,,,1,,,,,,,,,POINT(-19.05 63.63)
1280,,,,,Quilotoa,Ecuador,Ecuador,-0.85,-78.9,3914,Caldera,Radiocarbon,D6,6,,,,,,,,,1,,,,,,,,,,,,,POINT(-78.9 -0.85)
1300,7,11,,,Hekla,Iceland-S,Iceland,63.98,-19.7,1491,Stratovolcano,Historical,D1,4,,,3,,,,,,,,,,3,,,,,,,,,POINT(-19.7 63.98)
1302,,,,,Ischia,Italy,Italy,40.73,13.897,789,Complex volcano,Historical,D6,,,,1,,,,,,,,,,1,,,,,,,,,POINT(13.897 40.73)
1311,1,18,,,Katla,Iceland-S,Iceland,63.63,-19.05,1512,Subglacial volcano,Historical,D2,4,F,,2,,,,,,,,,,2,,,,,,,,,POINT(-19.05 63.63)
1311,,,,,Kelut,Java,Indonesia,-7.93,112.308,1731,Stratovolcano,Historical,D1,3,,,1,,,,,,,,,,1,,,,,,,,,POINT(112.308 -7.93)
1329,6,28,TSU,,Etna,Italy,Italy,37.734,15.004,3350,Stratovolcano,Historical,D1,3,,,,,,,,,,,,,,,,,,,1,,1,POINT(15.004 37.734)
1329,7,,,,Etna,Italy,Italy,37.734,15.004,3350,Stratovolcano,Historical,D1,1,I,,3,,,,,,,,,,3,,,,,,,,,POINT(15.004 37.734)
1331,12,,,,Aso,Kyushu-Japan,Japan,32.88,131.1,1592,Caldera,Historical,D1,2,,,1,,,,,,,,,,1,,,,,,,,,POINT(131.1 32.88)
1334,,,,,Kelut,Java,Indonesia,-7.93,112.308,1731,Stratovolcano,Historical,D1,3,,,1,,,,,,,,,,1,,,,,,,,,POINT(112.308 -7.93)
1341,5,19,,,Hekla,Iceland-S,Iceland,63.98,-19.7,1491,Stratovolcano,Historical,D1,3,,,,,,,,,1,,,,,,,,,,1,,,POINT(-19.7 63.98)
1357,,,,,Katla,Iceland-S,Iceland,63.63,-19.05,1512,Subglacial volcano,Historical,D2,4,,,,,,,,,1,,,,,,,,,,1,,,POINT(-19.05 63.63)
1362,6,5,,,Oraefajokull,Iceland-SE,Iceland,64,-16.65,2119,Stratovolcano,Historical,D4,5,"T,F",220,3,,,,,,,,,220,3,,,,,,,,,POINT(-16.65 64)
1376,,,,,Kelut,Java,Indonesia,-7.93,112.308,1731,Stratovolcano,Historical,D1,3,,,1,,,,,,,,,,1,,,,,,,,,POINT(112.308 -7.93)
1385,,,,,Kelut,Java,Indonesia,-7.93,112.308,1731,Stratovolcano,Historical,D1,3,,,1,,,,,,,,,,1,,,,,,,,,POINT(112.308 -7.93)
1389,12,1,,,Hekla,Iceland-S,Iceland,63.98,-19.7,1491,Stratovolcano,Historical,D1,3,,,,,,,,,1,,,,,,,,,,1,,,POINT(-19.7 63.98)
1410,3,5,,,Nasu,Honshu-Japan,Japan,37.12,139.97,1917,Stratovolcano,Historical,D2,3,,180,3,,,,,,,,,180,3,,,,,,,,,POINT(139.97 37.12)
1452,,,,,Kuwae,Vanuatu-SW Pacific,Vanuatu,-16.829,168.536,-2,Caldera,Historical,D1,6,P,,3,,,,,,,,,,3,,,,,,,,,POINT(168.536 -16.829)
1471,11,3,,,Sakura-jima,Kyushu-Japan,Japan,31.58,130.67,1117,Stratovolcano,Historical,D1,5,P,,3,,,,,,,,,,3,,,,,,,,,POINT(130.67 31.58)
1477,2,,,,Bardarbunga,Iceland-NE,Iceland,64.63,-17.53,2000,Stratovolcano,Historical,D2,6,,,,,,,,,1,,,,,,,,,,1,,,POINT(-17.53 64.63)
1485,1,,,,Aso,Kyushu-Japan,Japan,32.88,131.1,1592,Caldera,Historical,D1,2,,1,1,,,,,,,,,1,1,,,,,,,,,POINT(131.1 32.88)
1500,,,,,Katla,Iceland-S,Iceland,63.63,-19.05,1512,Subglacial volcano,Historical,D2,4,,,,,,,,,1,,,,,,,,,,1,,,POINT(-19.05 63.63)
1510,7,25,,,Hekla,Iceland-S,Iceland,63.98,-19.7,1491,Stratovolcano,Historical,D1,4,T,1,1,,,,,,,,,1,1,,,,,,,,,POINT(-19.7 63.98)
1536,3,23,,,Etna,Italy,Italy,37.734,15.004,3350,Stratovolcano,Historical,D1,3,T,1,1,,,,,,,,,1,1,,,,,,,,,POINT(15.004 37.734)
1538,9,29,,,Campi Flegrei,Italy,Italy,40.827,14.139,458,Caldera,Historical,D5,3,T,24,1,,,,,,,,,24,1,,,,,,,,,POINT(14.139 40.827)
1540,,,TSU,,Augustine,Alaska-SW,United States,59.37,-153.42,1252,Lava dome,Historical,D1,4,,,,,,,,,,,,,,,,,,,,,,POINT(-153.42 59.37)
1550,11,,,,Dukono,Halmahera-Indonesia,Indonesia,1.68,127.88,1185,Complex volcano,Historical,D1,3,,,1,,,,,,,,,,1,,,,,,,,,POINT(127.88 1.68)
1564,12,31,,,Gamkonora,Halmahera-Indonesia,Indonesia,1.375,127.52,1635,Stratovolcano,Historical,D1,3,,,1,,,,,,,,,,1,,,,,,,,,POINT(127.52 1.375)
1565,8,,,EQ,Pacaya,Guatemala,Guatemala,14.381,-90.601,2552,Complex volcano,Historical,D1,3,,,,,,,,,1,,,,,,,,,,1,,,POINT(-90.601 14.381)
1566,10,31,,,Kirishima,Kyushu-Japan,Japan,31.93,130.87,1700,Shield volcano,Historical,D1,3,,,3,,,,,,,,,,3,,,,,,,,,POINT(130.87 31.93)
1570,,,,,Mombacho,Nicaragua,Nicaragua,11.826,-85.968,1344,Stratovolcano,Holocene,U,,A,400,3,,,,,,,,,400,3,,,,,,,,,POINT(-85.968 11.826)
1576,,,,,Colima,Mexico,Mexico,19.514,-103.62,3850,Stratovolcano,Historical,D1,3,,,1,,,,,,,,,,1,,,,,,,,,POINT(-103.62 19.514)
1580,5,1,,,San Jorge,Azores,Portugal,38.65,-28.08,1053,Fissure vent,Historical,D2,3,P,10,1,,,,,,,,,10,1,,,,,,,,,POINT(-28.08 38.65)
1580,8,11,,,Katla,Iceland-S,Iceland,63.63,-19.05,1512,Subglacial volcano,Historical,D2,4,,,,,,,,,,,,,,,,,,,,,,POINT(-19.05 63.63)
1581,12,26,,,Fuego,Guatemala,Guatemala,14.473,-90.88,3763,Stratovolcano,Historical,D1,4,,,,,,,,,1,,,,,,,,,,1,,,POINT(-90.88 14.473)
1586,,,,,Kelut,Java,Indonesia,-7.93,112.308,1731,Stratovolcano,Historical,D1,5,,10000,4,,,,,,,,,10000,4,,,,,,,,,POINT(112.308 -7.93)
1587,,,,,Merapi,Java,Indonesia,-7.542,110.442,2947,Stratovolcano,Historical,D1,4,,,1,,,,,,,,,,1,,,,,,,,,POINT(110.442 -7.542)
1593,,,,,Raung,Java,Indonesia,-8.125,114.042,3332,Stratovolcano,Historical,D1,5,,,3,,,,,,,,,,3,,,,,,,,,POINT(114.042 -8.125)
1595,3,12,,,Ruiz,Colombia,Colombia,4.895,-75.322,5321,Stratovolcano,Historical,D1,4,M,636,3,,,,,,,,,636,3,,,,,,,,,POINT(-75.322 4.895)
1596,5,1,,,Asama,Honshu-Japan,Japan,36.4,138.53,2560,Complex volcano,Historical,D1,2,T,,3,,,,,,,,,,3,,,,,,,,,POINT(138.53 36.4)
1597,1,3,,,Hekla,Iceland-S,Iceland,63.98,-19.7,1491,Stratovolcano,Historical,D1,4,,,,,,,,,1,,,,,,,,,,1,,,POINT(-19.7 63.98)
1597,,,,,Raung,Java,Indonesia,-8.125,114.042,3332,Stratovolcano,Historical,D1,3,T,,1,,,,,,,,,,1,,,,,,,,,POINT(114.042 -8.125)
1598,5,13,,,Asama,Honshu-Japan,Japan,36.4,138.53,2560,Complex volcano,Historical,D1,2,T,800,3,,,,,,,,,800,3,,,,,,,,,POINT(138.53 36.4)
1598,,,,,Banda Api,Banda Sea,Pacific Ocean,-4.525,129.871,640,Caldera,Historical,D1,3,,,1,,,,,,,,,,1,,,,,,,,,POINT(129.871 -4.525)
1600,2,19,,EQ,Huaynaputina,Peru,Peru,-16.608,-70.85,4850,Stratovolcano,Historical,D5,6,S,1400,4,,,,,,,,,1400,4,,,,,,,,,POINT(-70.85 -16.608)
1606,1,23,TSU,,Hachijo-jima,Izu Is-Japan,Japan,33.13,139.77,854,Stratovolcano,Historical,D5,2,,,,,,,,,,,,,,,,,,,,,,POINT(139.77 33.13)
1608,7,18,TSU,,Gamalama,Halmahera-Indonesia,Indonesia,0.8,127.325,1715,Stratovolcano,Historical,D1,3,,,,,,,,,1,,,,,,,,,,,,,POINT(127.325 0.8)
1609,,,,,Tengchong,China-S,China,25.32,98.47,2865,Pyroclastic cone,Historical,D5,,E,,1,,,,,,,,,,1,,,,,,,,,POINT(98.47 25.32)
1615,3,,,,Banda Api,Banda Sea,Pacific Ocean,-4.525,129.871,640,Caldera,Historical,D1,3,,,,,,,,,2,,2,,,,,,,,2,,2,POINT(129.871 -4.525)
1617,,,,,Fuego,Guatemala,Guatemala,14.473,-90.88,3763,Stratovolcano,Historical,D1,3,,,,,,,,,,,,,,,,,,,,,,POINT(-90.88 14.473)
1625,9,2,,,Katla,Iceland-S,Iceland,63.63,-19.05,1512,Subglacial volcano,Historical,D2,5,,,,,,,,,,,,,,,,,,,,,,POINT(-19.05 63.63)
1629,,,,,Grimsvotn,Iceland-NE,Iceland,64.42,-17.33,1725,Caldera,Historical,D1,2,F,4,1,,,,,,,,,4,1,,,,,,,,,POINT(-17.33 64.42)
1630,9,3,,,Furnas,Azores,Portugal,37.77,-25.32,805,Stratovolcano,Historical,D5,4,"M,T",200,3,,,,,,,,,200,3,,,,,,,,,POINT(-25.32 37.77)
1631,2,14,,EQ,Dama Ali,Africa-NE,Ethiopia,11.28,41.63,1068,Shield volcano,Historical,D5,,S,50,1,,,,,,2,,,50,1,,,,,,2,,,POINT(41.63 11.28)
1631,12,16,TSU,EQ,Vesuvius,Italy,Italy,40.821,14.426,1281,Complex volcano,Historical,D2,4,"P,E,M",4000,4,,,,,,4,,4,4000,4,,,,,,4,,4,POINT(14.426 40.821)
1636,5,15,,,Hekla,Iceland-S,Iceland,63.98,-19.7,1491,Stratovolcano,Historical,D1,3,,,,,,,,,1,,,,,,,,,,1,,,POINT(-19.7 63.98)
1638,,,,,Raung,Java,Indonesia,-8.125,114.042,3332,Stratovolcano,Historical,D1,3,M,1000,3,,,,,,,,,1000,3,,,,,,,,,POINT(114.042 -8.125)
1640,7,31,TSU,EQ,Komaga-take,Hokkaido-Japan,Japan,42.07,140.68,1140,Stratovolcano,Historical,D1,5,W,,,,,,,,,,,700,3,,,,,,1,20,1,POINT(140.68 42.07)
1646,7,19,,,Makian,Halmahera-Indonesia,Indonesia,0.32,127.4,1357,Stratovolcano,Historical,D1,4,,,3,,,,,,,,,,3,,,,,,,,,POINT(127.4 0.32)
1650,9,26,TSU,,Santorini,Greece,Greece,36.404,25.396,329,Shield volcano,Historical,D2,4,"G,W,T",120,3,,,,,,,,,120,3,,,,,,,,,POINT(25.396 36.404)
1659,9,30,,EQ,San Salvador,El Salvador,El Salvador,13.736,-89.286,1893,Stratovolcano,Historical,D2,3,S,,,,,,,,,,,,,,,,,,,,,POINT(-89.286 13.736)
1659,11,11,TSU,,Teon,Banda Sea,Pacific Ocean,-6.92,129.125,655,Stratovolcano,Historical,D2,4,,,,,,,,,,,,,,,,,,,,,,POINT(129.125 -6.92)
1660,2,,,,Teon,Banda Sea,Pacific Ocean,-6.92,129.125,655,Stratovolcano,Historical,D2,4,"G,T",3,1,,,,,,,,,3,1,,,,,,,,,POINT(129.125 -6.92)
1660,11,3,,,Katla,Iceland-S,Iceland,63.63,-19.05,1512,Subglacial volcano,Historical,D2,4,,,,,,,,,1,,,,,,,,,,1,,,POINT(-19.05 63.63)
1660,,,TSU,,Long Island,New Guinea-NE of,Papua New Guinea,-5.358,147.12,1280,Complex volcano,Historical,D1,6,"T,P,W,I",2000,4,,,,,,3,,3,2000,4,,,,,,3,,3,POINT(147.12 -5.358)
1663,8,16,,,Usu,Hokkaido-Japan,Japan,42.53,140.83,731,Stratovolcano,Historical,D1,5,"T,P",5,1,,,,,,,,,5,1,,,,,,,,,POINT(140.83 42.53)
1664,4,15,,,Unzen,Kyushu-Japan,Japan,32.75,130.3,1500,Complex volcano,Historical,D1,2,m,30,1,,,,,,,,,30,1,,,,,,,,,POINT(130.3 32.75)
1664,,,TSU,,Iwo-Tori-shima,Ryukyu Is,Japan,27.85,128.25,217,Complex volcano,Historical,D1,,A,1,1,,,,,,,,,1,1,,,,,,1,,1,POINT(128.25 27.85)
1669,3,11,,EQ,Etna,Italy,Italy,37.734,15.004,3350,Stratovolcano,Historical,D1,3,,,3,,,,,,,,,,3,,,,,,,,,POINT(15.004 37.734)
1670,,,,,Aoba,Vanuatu-SW Pacific,Vanuatu,-15.4,167.83,1496,Shield volcano,Historical,D1,2,L,,3,,,,,,,,,,3,,,,,,,,,POINT(167.83 -15.4)
1672,4,24,,,Fayal,Azores,Portugal,38.6,-28.73,1043,Stratovolcano,Historical,D2,2,,3,1,,,,,,,,,3,1,,,,,,,,,POINT(-28.73 38.6)
1672,8,4,,,Merapi,Java,Indonesia,-7.542,110.442,2947,Stratovolcano,Historical,D1,3,P,3000,4,,,,,,,,,3000,4,,,,,,,,,POINT(110.442 -7.542)
1673,5,20,TSU,,Gamkonora,Halmahera-Indonesia,Indonesia,1.375,127.52,1635,Stratovolcano,Historical,D1,5,W,,,,,,,,,,,,3,,,,,,,,,POINT(127.52 1.375)
1677,11,22,,,La Palma,Canary Is,Spain,28.58,-17.83,2426,Stratovolcano,Historical,D1,2,G,1,1,,,,,,,,,1,1,,,,,,,,,POINT(-17.83 28.58)
1679,9,21,,EQ,Zukur,Red Sea,Yemen,14.02,42.75,624,Shield volcano,Holocene,U,,,,,,,,,,,,,,,,,,,,,,,POINT(42.75 14.02)
1682,8,12,,,Vesuvius,Italy,Italy,40.821,14.426,1281,Complex volcano,Historical,D2,3,,4,1,,,,,,,,,4,1,,,,,,,,,POINT(14.426 40.821)
1684,12,,,,Grimsvotn,Iceland-NE,Iceland,64.42,-17.33,1725,Caldera,Historical,D1,2,F,1,1,,,,,,,,,1,1,,,,,,,,,POINT(-17.33 64.42)
1690,2,3,TSU,,Vesuvius,Italy,Italy,40.821,14.426,1281,Complex volcano,Historical,D2,,,,,,,,,,,,,,,,,,,,,,,POINT(14.426 40.821)
1690,,,,,Guntur,Java,Indonesia,-7.13,107.83,2249,Complex volcano,Historical,D3,3,,,1,,,,,,,,,,1,,,,,,,,,POINT(107.83 -7.13)
1692,6,4,,,Serua,Banda Sea,Pacific Ocean,-6.3,130,641,Stratovolcano,Historical,D2,4,L,,2,,,,,,,,,,2,,,,,,,,,POINT(130 -6.3)
1693,1,9,,EQ,Etna,Italy,Italy,37.734,15.004,3350,Stratovolcano,Historical,D1,,,,,,,,,,,,,,,,,,,,,,,POINT(15.004 37.734)
1693,2,13,TSU,,Hekla,Iceland-S,Iceland,63.98,-19.7,1491,Stratovolcano,Historical,D1,4,,,,,,,,,,,,,,,,,,,,,,POINT(-19.7 63.98)
1694,11,20,,,Banda Api,Banda Sea,Pacific Ocean,-4.525,129.871,640,Caldera,Historical,D1,3,,,2,,,,,,,,,,2,,,,,,,,,POINT(129.871 -4.525)
1698,5,,TSU,,Vesuvius,Italy,Italy,40.821,14.426,1281,Complex volcano,Historical,D2,3,,,,,,,,,,,,,,,,,,,,,,POINT(14.426 40.821)
1698,,,,,Cotopaxi,Ecuador,Ecuador,-0.677,-78.436,5911,Stratovolcano,Historical,D2,3,M,,2,,,,,,,,,,2,,,,,,,,,POINT(-78.436 -0.677)
1698,,,,,Cereme,Java,Indonesia,-6.892,108.4,3078,Stratovolcano,Historical,D2,3,,,1,,,,,,,,,,1,,,,,,,,,POINT(108.4 -6.892)
1706,5,5,TSU,,Tenerife,Canary Is,Spain,28.271,-16.641,3715,Stratovolcano,Historical,D2,2,,,,,,,,,3,,,,,,,,,,3,,,POINT(-16.641 28.271)
1707,5,,TSU,,Santorini,Greece,Greece,36.404,25.396,329,Shield volcano,Historical,D2,,,,,,,,,,,,,,,,,,,,,,,POINT(25.396 36.404)
1707,12,16,,EQ,Fuji,Honshu-Japan,Japan,35.35,138.73,3776,Stratovolcano,Historical,D4,4,,,1,,,,,,1,75,1,,1,,,,,,1,75,1,POINT(138.73 35.35)
1711,12,10,,,Awu,Sangihe Is-Indonesia,Indonesia,3.67,125.5,1320,Stratovolcano,Historical,D1,3,P,3000,4,,,,,,,,,3000,4,,,,,,,,,POINT(125.5 3.67)
1712,1,15,,,Bardarbunga,Iceland-NE,Iceland,64.63,-17.53,2000,Stratovolcano,Historical,D2,2,,,,,,,,,1,,,,,,,,,,1,,,POINT(-17.53 64.63)
1714,6,30,TSU,,Vesuvius,Italy,Italy,40.821,14.426,1281,Complex volcano,Historical,D2,,,,,,,,,,,,,,,,,,,,,,,POINT(14.426 40.821)
1716,7,20,,,Kelut,Java,Indonesia,-7.93,112.308,1731,Stratovolcano,Historical,D1,2,M,,1,,,,,,,,,,1,,,,,,,,,POINT(112.308 -7.93)
1716,9,24,TSU,EQ,Taal,Luzon-Philippines,Philippines,14.002,120.993,400,Stratovolcano,Historical,D1,4,,,1,,,,,,,,,,1,,,,,,3,,3,POINT(120.993 14.002)
1716,10,5,,,Bardarbunga,Iceland-NE,Iceland,64.63,-17.53,2000,Stratovolcano,Historical,D2,2,,,,,,,,,1,,,,,,,,,,1,,,POINT(-17.53 64.63)
1716,11,9,,,Kirishima,Kyushu-Japan,Japan,31.93,130.87,1700,Shield volcano,Historical,D1,3,,1,1,,,31,1,,,,,1,1,,,31,1,,,,,POINT(130.87 31.93)
1717,2,7,,,Kirishima,Kyushu-Japan,Japan,31.93,130.87,1700,Shield volcano,Historical,D1,3,,1,1,,,30,1,,,,,1,1,,,30,1,,,,,POINT(130.87 31.93)
1717,8,4,,,Bardarbunga,Iceland-NE,Iceland,64.63,-17.53,2000,Stratovolcano,Historical,D2,3,,,,,,,,,1,,,,,,,,,,1,,,POINT(-17.53 64.63)
1717,8,27,,,Fuego,Guatemala,Guatemala,14.473,-90.88,3763,Stratovolcano,Historical,D1,3,,,,,,,,,1,,,,,,,,,,1,,,POINT(-90.88 14.473)
1718,2,1,,,Pico,Azores,Portugal,38.47,-28.4,2351,Stratovolcano,Historical,D4,2,,2,1,,,,,,,,,2,1,,,,,,,,,POINT(-28.4 38.47)
1721,5,11,,,Katla,Iceland-S,Iceland,63.63,-19.05,1512,Subglacial volcano,Historical,D2,5,,,,,,,,,1,,,,,,,,,,1,,,POINT(-19.05 63.63)
1721,6,22,,,Asama,Honshu-Japan,Japan,36.4,138.53,2560,Complex volcano,Historical,D1,1,T,15,1,,,,,,,,,15,1,,,,,,,,,POINT(138.53 36.4)
1726,2,1,,,Bardarbunga,Iceland-NE,Iceland,64.63,-17.53,2000,Stratovolcano,Historical,D2,1,,,,,,,,,1,,,,,,,,,,1,,,POINT(-17.53 64.63)
1727,8,3,,,Oraefajokull,Iceland-SE,Iceland,64,-16.65,2119,Stratovolcano,Historical,D4,4,F,3,1,,,,,,,,,3,1,,,,,,,,,POINT(-16.65 64)
1729,2,1,,,Bardarbunga,Iceland-NE,Iceland,64.63,-17.53,2000,Stratovolcano,Historical,D2,1,,,,,,,,,1,,,,,,,,,,1,,,POINT(-17.53 64.63)
1729,6,30,,,Krafla,Iceland-NE,Iceland,65.73,-16.78,650,Caldera,Historical,D1,2,,,,,,,,,1,,,,,,,,,,1,,,POINT(-16.78 65.73)
1730,9,1,,,Lanzarote,Canary Is,Spain,29.03,-13.63,670,Fissure vent,Historical,D3,2,,,1,,,,,,,,,,1,,,,,,,,,POINT(-13.63 29.03)
1730,,,,,Raung,Java,Indonesia,-8.125,114.042,3332,Stratovolcano,Historical,D1,3,"M,T",,2,,,,,,,,,,2,,,,,,,,,POINT(114.042 -8.125)
1730,,,,,Tseax River Cone,Canada,Canada,55.12,-128.9,609,Pyroclastic cone,Radiocarbon,D4,,G,,1,,,,,,,,,,1,,,,,,,,,POINT(-128.9 55.12)
1737,5,20,,,Vesuvius,Italy,Italy,40.821,14.426,1281,Complex volcano,Historical,D2,2,T,2,1,,,,,,2,,,2,1,,,,,,2,,,POINT(14.426 40.821)
1741,8,23,TSU,EQ,Oshima-Oshima,Hokkaido-Japan,Japan,41.5,139.37,737,Stratovolcano,Historical,D4,4,"W,S",,,,,,,,,,,1475,4,,,,,,3,871,3,POINT(139.37 41.5)
1742,6,15,,,Cotopaxi,Ecuador,Ecuador,-0.677,-78.436,5911,Stratovolcano,Historical,D2,3,M,,3,,,,,,3,,,,3,,,,,,3,,,POINT(-78.436 -0.677)
1742,12,9,,,Cotopaxi,Ecuador,Ecuador,-0.677,-78.436,5911,Stratovolcano,Historical,D2,3,M,,3,,,,,,3,,,,3,,,,,,3,,,POINT(-78.436 -0.677)
1749,8,11,TSU,EQ,Taal,Luzon-Philippines,Philippines,14.002,120.993,400,Stratovolcano,Historical,D1,3,,,1,,,,,,1,,,,1,,,,,,3,,3,POINT(120.993 14.002)
1753,10,15,,,Grimsvotn,Iceland-NE,Iceland,64.42,-17.33,1725,Caldera,Historical,D1,2,,,,,,,,,1,,,,,,,,,,1,,,POINT(-17.33 64.42)
1754,5,13,TSU,EQ,Taal,Luzon-Philippines,Philippines,14.002,120.993,400,Stratovolcano,Historical,D1,4,"W,T",12,1,,,,,,4,,4,12,1,,,,,,4,,4,POINT(120.993 14.002)
1755,10,17,,,Katla,Iceland-S,Iceland,63.63,-19.05,1512,Subglacial volcano,Historical,D2,4,E,2,1,,,,,,,,,2,1,,,,,,,,,POINT(-19.05 63.63)
1757,7,9,,EQ,San Jorge,Azores,Portugal,38.65,-28.08,1053,Fissure vent,Historical,D2,0,S,,,,,,,,,,,1053,4,,,,,,3,,4,POINT(-28.08 38.65)
1760,9,22,,,Makian,Halmahera-Indonesia,Indonesia,0.32,127.4,1357,Stratovolcano,Historical,D1,4,M,2000,4,,,,,,,,,2000,4,,,,,,,,,POINT(127.4 0.32)
1762,,,,,Kliuchevskoi,Kamchatka,Russia,56.057,160.638,4835,Stratovolcano,Historical,D1,2,,,1,,,,,,,,,,1,,,,,,,,,POINT(160.638 56.057)
1766,4,5,,,Hekla,Iceland-S,Iceland,63.98,-19.7,1491,Stratovolcano,Historical,D1,4,,,,,,,,,1,,,,,,,,,,1,,,POINT(-19.7 63.98)
1766,7,20,,,Mayon,Luzon-Philippines,Philippines,13.257,123.685,2462,Stratovolcano,Historical,D1,3,m,49,1,,,,,,,,,49,1,,,,,,,,,POINT(123.685 13.257)
1768,4,4,,,Cotopaxi,Ecuador,Ecuador,-0.677,-78.436,5911,Stratovolcano,Historical,D2,4,M,,3,,,,,,3,,,,3,,,,,,3,,,POINT(-78.436 -0.677)
1772,5,9,TSU,,Gamalama,Halmahera-Indonesia,Indonesia,0.8,127.325,1715,Stratovolcano,Historical,D1,3,T,35,1,,,,,,,,,35,1,,,,,,,,,POINT(127.325 0.8)
1772,8,12,,,Papandayan,Java,Indonesia,-7.32,107.73,2665,Stratovolcano,Historical,D2,3,A,2957,4,,,,,,,,3,2957,4,,,,,,,,3,POINT(107.73 -7.32)
1773,2,2,,,Gamalama,Halmahera-Indonesia,Indonesia,0.8,127.325,1715,Stratovolcano,Historical,D1,2,I,,2,,,,,,,,,,2,,,,,,,,,POINT(127.325 0.8)
1775,8,20,,,Gamalama,Halmahera-Indonesia,Indonesia,0.8,127.325,1715,Stratovolcano,Historical,D1,3,"P,I",1300,4,,,,,,,,,1300,4,,,,,,,,,POINT(127.325 0.8)
1775,,,,,Lokon-Empung,Sulawesi-Indonesia,Indonesia,1.358,124.792,1580,Stratovolcano,Historical,D1,3,,,1,,,,,,,,,,1,,,,,,,,,POINT(124.792 1.358)
1778,,,,,Raikoke,Kuril Is,Russia,48.292,153.25,551,Stratovolcano,Historical,D2,4,T,15,1,,,,,,,,,15,1,,,,,,,,,POINT(153.25 48.292)
1779,8,8,,,Vesuvius,Italy,Italy,40.821,14.426,1281,Complex volcano,Historical,D2,2,,,1,,,,,,,,,,1,,,,,,,,,POINT(14.426 40.821)
1779,11,8,,,Sakura-jima,Kyushu-Japan,Japan,31.58,130.67,1117,Stratovolcano,Historical,D1,4,"T,W,I",153,3,,,,,,,,,153,3,,,,,,,,,POINT(130.67 31.58)
1780,2,9,,,Sakura-jima,Kyushu-Japan,Japan,31.58,130.67,1117,Stratovolcano,Historical,D1,4,F,,3,,,,,,,,,,3,,,,,,,,,POINT(130.67 31.58)
1780,7,27,,,Aoga-shima,Izu Is-Japan,Japan,32.45,139.77,423,Stratovolcano,Historical,D4,3,,7,1,,,,,,,,1,7,1,,,,,,,,1,POINT(139.77 32.45)
1780,9,9,TSU,,Sakura-jima,Kyushu-Japan,Japan,31.58,130.67,1117,Stratovolcano,Historical,D1,4,,,,,,,,,,,,,,,,,,,,,,POINT(130.67 31.58)
1780,10,31,TSU,,Sakura-jima,Kyushu-Japan,Japan,31.58,130.67,1117,Stratovolcano,Historical,D1,,,,,,,,,,,,,,,,,,,,,,,POINT(130.67 31.58)
1781,4,11,TSU,,Sakura-jima,Kyushu-Japan,Japan,31.58,130.67,1117,Stratovolcano,Historical,D1,4,W,23,1,,,,,,,,,38,1,,,,,,1,,,POINT(130.67 31.58)
1783,7,26,,,Asama,Honshu-Japan,Japan,36.4,138.53,2560,Complex volcano,Historical,D1,4,"F,P,I",1491,4,,,,,,,,,1491,4,,,,,,,,,POINT(138.53 36.4)
1784,4,,,,Grimsvotn,Iceland-NE,Iceland,64.42,-17.33,1725,Caldera,Historical,D1,4,I,9350,4,,,,,,,,,9350,4,,,,,,,,,POINT(-17.33 64.42)
1784,7,,,,Sabancaya,Peru,Peru,-15.78,-71.85,5967,Stratovolcano,Historical,D1,,,,,,,,,,1,,,,,,,,,,1,,,POINT(-71.85 -15.78)
1785,4,18,,,Aoga-shima,Izu Is-Japan,Japan,32.45,139.77,423,Stratovolcano,Historical,D4,3,,135,3,,,,,,,,,135,3,,,,,,,,,POINT(139.77 32.45)
1786,,,,,Dieng Volc Complex,Java,Indonesia,-7.2,109.92,2565,Complex volcano,Historical,D1,2,A,38,1,,,,,,,,2,38,1,,,,,,,,2,POINT(109.92 -7.2)
1789,,,,,Oshima,Izu Is-Japan,Japan,34.73,139.38,758,Stratovolcano,Historical,D1,2,T,,1,,,,,,,,,,1,,,,,,,,,POINT(139.38 34.73)
1790,11,,,,Kilauea,Hawaiian Is,United States,19.425,-155.292,1222,Shield volcano,Historical,D1,4,P,5405,4,,,,,,,,,5405,4,,,,,,,,,POINT(-155.292 19.425)
1792,5,21,TSU,EQ,Unzen,Kyushu-Japan,Japan,32.75,130.3,1500,Complex volcano,Historical,D1,2,"W,A",,1,,,,,,,,,14524,4,,,707,3,,4,6200,4,POINT(130.3 32.75)
1794,6,15,,,Vesuvius,Italy,Italy,40.821,14.426,1281,Complex volcano,Historical,D2,3,"M,L,T,G",400,3,,,,,,3,,,400,3,,,,,,3,,,POINT(14.426 40.821)
1800,6,24,,,San Jorge,Azores,Portugal,38.65,-28.08,1053,Fissure vent,Historical,D2,1,L,9,1,,,,,,,,,9,1,,,,,,,,,POINT(-28.08 38.65)
1800,10,8,,,Guntur,Java,Indonesia,-7.13,107.83,2249,Complex volcano,Historical,D3,,M,,3,,,,,,,,,,3,,,,,,,,,POINT(107.83 -7.13)
1800,10,30,,,Mayon,Luzon-Philippines,Philippines,13.257,123.685,2462,Stratovolcano,Historical,D1,2,,,1,,,,,,,,,,1,,,,,,,,,POINT(123.685 13.257)
1800,,,,,Kieyo,Africa-E,Tanzania,-9.23,33.78,2175,Stratovolcano,Historical,D3,2,L,,3,,,,,,3,,,,3,,,,,,3,,,POINT(33.78 -9.23)
1800,,,,,Hualalai,Hawaiian Is,United States,19.692,-155.87,2523,Shield volcano,Historical,D3,0,L,2,1,,,,,,,,,2,1,,,,,,,,,POINT(-155.87 19.692)
1801,7,,,,Chokai,Honshu-Japan,Japan,39.08,140.03,2237,Stratovolcano,Historical,D1,2,T,8,1,,,,,,,,,8,1,,,,,,,,,POINT(140.03 39.08)
1803,7,4,,,Asama,Honshu-Japan,Japan,36.4,138.53,2560,Complex volcano,Historical,D1,2,,,1,,,,,,,,,,1,,,,,,,,,POINT(138.53 36.4)
1803,11,7,,,Asama,Honshu-Japan,Japan,36.4,138.53,2560,Complex volcano,Historical,D1,2,,,1,,,,,,,,,,1,,,,,,,,,POINT(138.53 36.4)
1804,,,,,Shikotsu,Hokkaido-Japan,Japan,42.7,141.33,1320,Caldera,Historical,D1,3,,,3,,,,,,,,,,3,,,,,,,,,POINT(141.33 42.7)
1805,8,11,,,Vesuvius,Italy,Italy,40.821,14.426,1281,Complex volcano,Historical,D2,2,,4,1,,,,,,,,,4,1,,,,,,,,,POINT(14.426 40.821)
1812,4,27,,,Soufriere St. Vincent,W Indies,St. Vincent & the Grenadines,13.33,-61.18,1220,Stratovolcano,Historical,D1,4,"T, m",56,2,,,,,,,,,56,2,,,,,,,,,POINT(-61.18 13.33)
1812,8,6,,,Awu,Sangihe Is-Indonesia,Indonesia,3.67,125.5,1320,Stratovolcano,Historical,D1,3,"P,M",953,3,,,,,,,,,953,3,,,,,,,,,POINT(125.5 3.67)
1814,2,1,,,Mayon,Luzon-Philippines,Philippines,13.257,123.685,2462,Stratovolcano,Historical,D1,4,"P,M,E",1200,4,,,,,,,,3,1200,4,,,,,,,,3,POINT(123.685 13.257)
1815,4,5,TSU,,Tambora,Lesser Sunda Is,Indonesia,-8.25,118,2850,Stratovolcano,Historical,D1,7,"P,W",10000,4,,,,4,,4,,4,117000,4,,,,4,,4,,4,POINT(118 -8.25)
1816,7,5,,,Aso,Kyushu-Japan,Japan,32.88,131.1,1592,Caldera,Historical,D1,2,T,1,1,,,,,,,,,1,1,,,,,,,,,POINT(131.1 32.88)
1817,1,24,,,Ijen,Java,Indonesia,-8.058,114.242,2799,Stratovolcano,Historical,D1,2,M,,2,,,,,,,90,2,,2,,,,,,,90,2,POINT(114.242 -8.058)
1817,,,,,Raung,Java,Indonesia,-8.125,114.042,3332,Stratovolcano,Historical,D1,4,,,1,,,,,,,,,,1,,,,,,,,,POINT(114.042 -8.125)
1818,2,5,,,Colima,Mexico,Mexico,19.514,-103.62,3850,Stratovolcano,Historical,D1,4,,,1,,,,,,,,,,1,,,,,,,,,POINT(-103.62 19.514)
1819,,,TSU,,Asuncion,Mariana Is-C Pacific,United States,19.67,145.4,857,Stratovolcano,Historical,D2,,,,,,,,,,,,,,,,,,,,,,,POINT(145.4 19.67)
1820,3,1,TSU,EQ,Westdahl,Aleutian Is,United States,54.52,-164.65,1654,Stratovolcano,Historical,D1,2,,,,,,,,,,,,,,,,,,,,,,POINT(-164.65 54.52)
1820,6,11,,,Banda Api,Banda Sea,Pacific Ocean,-4.525,129.871,640,Caldera,Historical,D1,2,,,1,,,,,,,,,,1,,,,,,,,,POINT(129.871 -4.525)
1822,3,9,,,Usu,Hokkaido-Japan,Japan,42.53,140.83,731,Stratovolcano,Historical,D1,4,P,50,1,,,53,2,,,,2,50,1,,,53,2,,,,2,POINT(140.83 42.53)
1822,10,8,,,Galunggung,Java,Indonesia,-7.25,108.05,2168,Stratovolcano,Historical,D1,5,"P,M",4011,4,,,,,,3,,3,4011,4,,,,,,3,,3,POINT(108.05 -7.25)
1822,12,27,,,Merapi,Java,Indonesia,-7.542,110.442,2947,Stratovolcano,Historical,D1,3,,100,2,,,,2,,3,,3,100,2,,,,2,,3,,3,POINT(110.442 -7.542)
1823,2,,,,Kilauea,Hawaiian Is,United States,19.425,-155.292,1222,Shield volcano,Historical,D1,0,L,,1,,,,,,,,,,1,,,,,,,,,POINT(-155.292 19.425)
1824,,,,,Shishaldin,Aleutian Is,United States,54.75,-163.97,2857,Stratovolcano,Historical,D1,3,,,,,,,,,,,,,,,,,,,,,,POINT(-163.97 54.75)
1825,,,,,Balbi,Bougainville-SW Paci,Papua New Guinea,-5.83,154.98,2715,Stratovolcano,Holocene,U,,P,,3,,,,,,,,,,3,,,,,,,,,POINT(154.98 -5.83)
1826,10,11,,,Dieng Volc Complex,Java,Indonesia,-7.2,109.92,2565,Complex volcano,Historical,D1,2,,,2,,,,,,,,,,2,,,,,,,,,POINT(109.92 -7.2)
1826,10,11,,,Kelut,Java,Indonesia,-7.93,112.308,1731,Stratovolcano,Historical,D1,3,M,,1,,,65,2,,3,,3,,1,,,65,2,,3,,3,POINT(112.308 -7.93)
1826,10,,,,Aso,Kyushu-Japan,Japan,32.88,131.1,1592,Caldera,Historical,D1,2,T,,3,,,,,,,,,,3,,,,,,,,,POINT(131.1 32.88)
1827,6,27,TSU,EQ,Avachinsky,Kamchatka,Russia,53.255,158.83,2741,Stratovolcano,Historical,D1,2,,,,,,,,,,,,,,,,,,,,,,POINT(158.83 53.255)
1827,8,9,,,Avachinsky,Kamchatka,Russia,53.255,158.83,2741,Stratovolcano,Historical,D1,2,,,,,,,,,,,,,,,,,,,,,,POINT(158.83 53.255)
1829,,,,,Guntur,Java,Indonesia,-7.13,107.83,2249,Complex volcano,Historical,D3,2,,,3,,,,,,,,,,3,,,,,,,,,POINT(107.83 -7.13)
1832,11,1,,,Etna,Italy,Italy,37.734,15.004,3350,Stratovolcano,Historical,D1,2,L,,2,,,,,,,,,,2,,,,,,,,,POINT(15.004 37.734)
1832,12,25,,,Merapi,Java,Indonesia,-7.542,110.442,2947,Stratovolcano,Historical,D1,3,,32,1,,,,,,,,2,32,1,,,,,,,,2,POINT(110.442 -7.542)
1833,11,24,,,Kaba,Sumatra,Indonesia,-3.52,102.62,1952,Stratovolcano,Historical,D2,2,M,126,3,,,,,,,,,126,3,,,,,,,,,POINT(102.62 -3.52)
1835,1,20,,,Cosiguina,Nicaragua,Nicaragua,12.98,-87.57,872,Stratovolcano,Historical,D3,5,"G,I",,1,,,,,,,,,,1,,,,,,,,,POINT(-87.57 12.98)
1835,11,1,,,Banda Api,Banda Sea,Pacific Ocean,-4.525,129.871,640,Caldera,Historical,D1,,,,3,,,,,,2,,2,,3,,,,,,2,,2,POINT(129.871 -4.525)
1837,9,,TSU,EQ,Peuet Sague,Sumatra,Indonesia,4.914,96.329,2801,Complex volcano,Historical,D1,,,,,,,,,,,,,,,,,,,,,,,POINT(96.329 4.914)
1838,2,26,,,Gamalama,Halmahera-Indonesia,Indonesia,0.8,127.325,1715,Stratovolcano,Historical,D1,2,T,4,1,,,,,,,,,4,1,,,,,,,,,POINT(127.325 0.8)
1839,2,12,TSU,,Unnamed,Chile-Is,Chile,-33.62,-76.83,-642,Submarine volcano,Uncertain,Unknown,2,,,,,,,,,,,,,,,,,,,,,,POINT(-76.83 -33.62)
1840,2,2,TSU,EQ,Gamalama,Halmahera-Indonesia,Indonesia,0.8,127.325,1715,Stratovolcano,Historical,D1,2,,,,,,,,,,,,,,,,,,,,,,POINT(127.325 0.8)
1840,5,30,TSU,,Kilauea,Hawaiian Is,United States,19.425,-155.292,1222,Shield volcano,Historical,D1,0,,,,,,,,,1,,,,,,,,,,1,,,POINT(-155.292 19.425)
1840,,,,,Tinakula,Santa Cruz Is-SW Pac,Solomon Is.,-10.38,165.8,851,Stratovolcano,Historical,D1,3,P,,3,,,,,,,,,,3,,,,,,,,,POINT(165.8 -10.38)
1840,,,,,Savo,Solomon Is-SW Pacifi,Solomon Is.,-9.13,159.82,510,Stratovolcano,Historical,D3,3,P,,3,,,,,,,,,,3,,,,,,,,,POINT(159.82 -9.13)
1841,4,,,,Kuchinoerabu-jima,Ryukyu Is,Japan,30.43,130.22,649,Stratovolcano,Historical,D1,2,T,,,,,,,,2,,2,,,,,,,,2,,2,POINT(130.22 30.43)
1843,2,8,TSU,,Liamuiga,W Indies,St. Kitts & Nevis,17.37,-62.8,1156,Stratovolcano,Radiocarbon,D6,0,,,,,,,,,,,,,,,,,,,,,,POINT(-62.8 17.37)
1843,2,17,TSU,,Soufriere Guadeloupe,W Indies,Guadeloupe,16.05,-61.67,1467,Stratovolcano,Historical,D1,,,,,,,,,,,,,,,,,,,,,,,POINT(-61.67 16.05)
1843,8,,,,Lamongan,Java,Indonesia,-8,113.342,1651,Stratovolcano,Historical,D3,2,,4,1,,,,,,,,,4,1,,,,,,,,,POINT(113.342 -8)
1843,11,17,,,Etna,Italy,Italy,37.734,15.004,3350,Stratovolcano,Historical,D1,2,L,56,2,,,,2,,,,,56,2,,,,2,,,,,POINT(15.004 37.734)
1845,2,8,TSU,EQ,Soputan,Sulawesi-Indonesia,Indonesia,1.108,124.725,1784,Stratovolcano,Historical,D1,2,,,,,,,,,,,,118,3,,,,,,2,,3,POINT(124.725 1.108)
1845,2,19,,,Ruiz,Colombia,Colombia,4.895,-75.322,5321,Stratovolcano,Historical,D1,2,M,1000,3,,,,,,,,,1000,3,,,,,,,,,POINT(-75.322 4.895)
1845,9,2,,,Hekla,Iceland-S,Iceland,63.98,-19.7,1491,Stratovolcano,Historical,D1,4,,,,,,,,,1,,,,,,,,,,1,,,POINT(-19.7 63.98)
1846,5,27,,,Tangkubanparahu,Java,Indonesia,-6.77,107.6,2084,Stratovolcano,Historical,D1,2,,,1,,,,,,,,,,1,,,,,,,,,POINT(107.6 -6.77)
1846,11,18,,,E-san,Hokkaido-Japan,Japan,41.8,141.17,618,Stratovolcano,Historical,D3,1,M,,3,,,,,,,,,,3,,,,,,,,,POINT(141.17 41.8)
1847,4,9,,,Fogo,Cape Verde Is,Cape Verde,14.95,-24.35,2829,Stratovolcano,Historical,D1,2,S,,1,,,,,,,,,,1,,,,,,,,,POINT(-24.35 14.95)
1847,12,4,,,Dieng Volc Complex,Java,Indonesia,-7.2,109.92,2565,Complex volcano,Historical,D1,2,,,2,,,,,,,,,,2,,,,,,,,,POINT(109.92 -7.2)
1848,5,16,,,Kelut,Java,Indonesia,-7.93,112.308,1731,Stratovolcano,Historical,D1,2,M,21,1,,,,,,,800,3,21,1,,,,,,,800,3,POINT(112.308 -7.93)
1850,,,,,Rabaul,New Britain-SW Pac,Papua New Guinea,-4.271,152.203,688,Pyroclastic shield,Historical,D1,2,T,,3,,,,,,,,,,3,,,,,,,,,POINT(152.203 -4.271)
1853,6,24,,,Niuafo'ou,Tonga-SW Pacific,Tonga,-15.6,-175.63,260,Shield volcano,Historical,D1,0,L,25,1,,,,,,,,,25,1,,,,,,,,,POINT(-175.63 -15.6)
1853,7,13,,,Mayon,Luzon-Philippines,Philippines,13.257,123.685,2462,Stratovolcano,Historical,D1,3,P,34,1,,,,,,,,1,34,1,,,,,,,,1,POINT(123.685 13.257)
1853,10,29,TSU,,Unnamed,Taiwan-E of,Taiwan,24,121.83,0,Submarine volcano,Historical,D3,2,,,,,,,,,,,,,,,,,,,,,,POINT(121.83 24)
1854,2,18,,,Shiveluch,Kamchatka,Russia,56.653,161.36,3283,Stratovolcano,Historical,D1,5,,,,,,,,,1,,,,,,,,,,1,,,POINT(161.36 56.653)
1854,2,,,,Aso,Kyushu-Japan,Japan,32.88,131.1,1592,Caldera,Historical,D1,2,,3,1,,,,,,,,,3,1,,,,,,,,,POINT(131.1 32.88)
1856,3,2,TSU,,Awu,Sangihe Is-Indonesia,Indonesia,3.67,125.5,1320,Stratovolcano,Historical,D1,3,P,2806,4,,,,2,,3,,3,2806,4,,,,2,,3,,3,POINT(125.5 3.67)
1856,7,26,TSU,,Shishaldin,Aleutian Is,United States,54.75,-163.97,2857,Stratovolcano,Historical,D1,,,,,,,,,,,,,,,,,,,,,,,POINT(-163.97 54.75)
1856,9,25,,,Komaga-take,Hokkaido-Japan,Japan,42.07,140.68,1140,Stratovolcano,Historical,D1,4,P,20,1,,,,,,,,3,20,1,,,,,,,,3,POINT(140.68 42.07)
1857,4,17,TSU,EQ,Umboi,New Guinea-NE of,Papua New Guinea,-5.589,147.875,1548,Complex volcano,Holocene,U,,,,,,,,,,,,,,,,,,,,,,,POINT(147.875 -5.589)
1858,1,,,,Mayon,Luzon-Philippines,Philippines,13.257,123.685,2462,Stratovolcano,Historical,D1,2,P,,1,,,,,,,,,,1,,,,,,,,,POINT(123.685 13.257)
1860,4,,,,Semeru,Java,Indonesia,-8.108,112.92,3676,Stratovolcano,Historical,D1,2,,,,,,,,,1,,,,,,,,,,,,1,POINT(112.92 -8.108)
1860,8,18,,,Fuego,Guatemala,Guatemala,14.473,-90.88,3763,Stratovolcano,Historical,D1,2,,,,,,,,,1,,,,,,,,,,1,,,POINT(-90.88 14.473)
1861,5,7,,,Dubbi,Africa-NE,Eritrea,13.58,41.808,1625,Stratovolcano,Historical,D3,3,,106,3,,,,,,3,,3,106,3,,,,,,3,,3,POINT(41.808 13.58)
1861,5,,,,Grimsvotn,Iceland-NE,Iceland,64.42,-17.33,1725,Caldera,Historical,D1,2,,,,,,,,,1,,,,,,,,,,1,,,POINT(-17.33 64.42)
1861,12,29,,,Makian,Halmahera-Indonesia,Indonesia,0.32,127.4,1357,Stratovolcano,Historical,D1,4,"P,I",326,3,,,47,1,,,,3,326,3,,,47,1,,,,3,POINT(127.4 0.32)
1863,8,17,TSU,EQ,Yasur,Vanuatu-SW Pacific,Vanuatu,-19.52,169.425,361,Stratovolcano,Historical,D1,,,,3,,,,,,,,,,3,,,,,,,,,POINT(169.425 -19.52)
1864,1,3,,,Kelut,Java,Indonesia,-7.93,112.308,1731,Stratovolcano,Historical,D1,2,M,54,2,,,,,,,,3,54,2,,,,,,,,3,POINT(112.308 -7.93)
1866,9,12,TSU,,Ofu-Olosega,Samoa-SW Pacific,United States,-14.175,-169.618,639,Shield volcano,Historical,D3,2,,,,,,,,,,,,,,,,,,,,,,POINT(-169.618 -14.175)
1867,10,21,,,Zao,Honshu-Japan,Japan,38.15,140.45,1841,Complex volcano,Historical,D2,2,M,3,1,,,,,,,,,3,1,,,,,,,,,POINT(140.45 38.15)
1868,4,3,TSU,EQ,Mauna Loa,Hawaiian Is,United States,19.475,-155.608,4170,Shield volcano,Historical,D1,2,"W,M",,,,,,,,1,37,1,77,2,,,,,,2,,3,POINT(-155.608 19.475)
1868,9,5,TSU,EQ,Etna,Italy,Italy,37.734,15.004,3350,Stratovolcano,Historical,D1,,,,,,,,,,,,,,,,,,,,,,,POINT(15.004 37.734)
1869,7,7,,,Lewotobi,Lesser Sunda Is,Indonesia,-8.53,122.775,1703,Stratovolcano,Historical,D1,2,,2,1,,,,,,,,,2,1,,,,,,,,,POINT(122.775 -8.53)
1869,8,,,,Lamongan,Java,Indonesia,-8,113.342,1651,Stratovolcano,Historical,D3,2,"T,A",8,1,,,,,,,,,8,1,,,,,,,,,POINT(113.342 -8)
1870,8,,,,Ruang,Sangihe Is-Indonesia,Indonesia,2.28,125.425,725,Stratovolcano,Historical,D2,2,,,1,,,,,,,40,1,,1,,,,,,,40,1,POINT(125.425 2.28)
1870,,,,,Iliwerung,Lesser Sunda Is,Indonesia,-8.54,123.59,1018,Complex volcano,Historical,D1,3,,,1,,,,,,,,,,1,,,,,,,,,POINT(123.59 -8.54)
1870,,,,,Aoba,Vanuatu-SW Pacific,Vanuatu,-15.4,167.83,1496,Shield volcano,Historical,D1,2,M,,3,,,,,,3,,3,,3,,,,,,3,,3,POINT(167.83 -15.4)
1871,3,3,TSU,,Ruang,Sangihe Is-Indonesia,Indonesia,2.28,125.425,725,Stratovolcano,Historical,D2,2,W,,,,,,,,1,,1,400,3,,,,,,2,75,2,POINT(125.425 2.28)
1871,4,30,TSU,EQ,Hibok-Hibok,Mindanao-Philippines,Philippines,9.203,124.673,1332,Stratovolcano,Historical,D2,2,,,1,,,,,,3,,3,,1,,,,,,3,,3,POINT(124.673 9.203)
1871,8,7,,,Gamalama,Halmahera-Indonesia,Indonesia,0.8,127.325,1715,Stratovolcano,Historical,D1,2,T,1,1,,,1,1,,,,,1,1,,,1,1,,,,,POINT(127.325 0.8)
1871,12,8,,,Mayon,Luzon-Philippines,Philippines,13.257,123.685,2462,Stratovolcano,Historical,D1,3,P,3,1,,,,,,,,,3,1,,,,,,,,,POINT(123.685 13.257)
1872,4,24,,,Vesuvius,Italy,Italy,40.821,14.426,1281,Complex volcano,Historical,D2,3,"L,G",9,1,,,11,1,,,,,9,1,,,11,1,,,,,POINT(14.426 40.821)
1872,11,3,,,Merapi,Java,Indonesia,-7.542,110.442,2947,Stratovolcano,Historical,D1,4,"P,T",200,3,,,,,,3,,3,200,3,,,,,,3,,3,POINT(110.442 -7.542)
1872,12,,,,Aso,Kyushu-Japan,Japan,32.88,131.1,1592,Caldera,Historical,D1,3,T,4,1,,,,,,,,,4,1,,,,,,,,,POINT(131.1 32.88)
1872,,,,,Sinarka,Kuril Is,Russia,48.875,154.175,934,Stratovolcano,Historical,D3,4,P,,3,,,,,,,,,,3,,,,,,,,,POINT(154.175 48.875)
1873,1,16,,,Ragang,Mindanao-Philippines,Philippines,7.67,124.5,2815,Stratovolcano,Historical,D2,2,,,1,,,,,,,,,,1,,,,,,,,,POINT(124.5 7.67)
1874,7,3,,,Miyake-jima,Izu Is-Japan,Japan,34.08,139.53,815,Stratovolcano,Historical,D1,3,T,1,1,,,,,,,,,1,1,,,,,,,,,POINT(139.53 34.08)
1874,7,19,,,Taal,Luzon-Philippines,Philippines,14.002,120.993,400,Stratovolcano,Historical,D1,2,,,1,,,,,,,,,,1,,,,,,,,,POINT(120.993 14.002)
1875,1,29,,,Kelut,Java,Indonesia,-7.93,112.308,1731,Stratovolcano,Historical,D1,0,m,,1,,,,,,2,,2,,1,,,,,,2,,2,POINT(112.308 -7.93)
1875,3,29,,,Askja,Iceland-NE,Iceland,65.03,-16.75,1516,Stratovolcano,Historical,D2,5,,,,,,,,,1,,,,,,,,,,1,,,POINT(-16.75 65.03)
1877,2,14,TSU,EQ,Mauna Loa,Hawaiian Is,United States,19.475,-155.608,4170,Shield volcano,Historical,D1,0,,,,,,,,,,,,,,,,,,,,,,POINT(-155.608 19.475)
1877,6,25,,,Cotopaxi,Ecuador,Ecuador,-0.677,-78.436,5911,Stratovolcano,Historical,D2,4,M,340,3,,,,,,,,,340,3,,,,,,,,,POINT(-78.436 -0.677)
1878,1,10,TSU,,Yasur,Vanuatu-SW Pacific,Vanuatu,-19.52,169.425,361,Stratovolcano,Historical,D1,3,,,,,,,,,,,,,,,,,,,1,,,POINT(169.425 -19.52)
1878,1,,TSU,,Rabaul,New Britain-SW Pac,Papua New Guinea,-4.271,152.203,688,Pyroclastic shield,Historical,D1,3,T,1,1,,,,,,,,,1,1,,,,,,,,,POINT(152.203 -4.271)
1878,2,11,TSU,EQ,Yasur,Vanuatu-SW Pacific,Vanuatu,-19.52,169.425,361,Stratovolcano,Historical,D1,,,,,,,,,,,,,,,,,,,,,,,POINT(169.425 -19.52)
1878,8,29,TSU,EQ,Okmok,Aleutian Is,United States,53.42,-168.13,1073,Shield volcano,Historical,D1,2,,,,,,,,,,,,,,,,,,,,,,POINT(-168.13 53.42)
1879,2,4,TSU,,Stromboli,Italy,Italy,38.789,15.213,926,Stratovolcano,Historical,D1,2,,,,,,,,,,,,,,,,,,,,,,POINT(15.213 38.789)
1883,3,,,,Karthala,Indian O-W,Comoros,-11.75,43.38,2361,Shield volcano,Historical,D1,2,L,,3,,,,,,3,,,,3,,,,,,3,,,POINT(43.38 -11.75)
1883,8,27,TSU,,Krakatau,Indonesia,Indonesia,-6.102,105.423,813,Caldera,Historical,D1,6,"W,P,I",2000,4,,,,3,,3,,3,36417,4,,,,3,,3,,3,POINT(105.423 -6.102)
1883,10,6,TSU,,Augustine,Alaska-SW,United States,59.37,-153.42,1252,Lava dome,Historical,D1,4,,8,1,,,,,,,,,8,1,,,,,,1,,1,POINT(-153.42 59.37)
1883,10,10,TSU,,Krakatau,Indonesia,Indonesia,-6.102,105.423,813,Caldera,Historical,D1,,,,,,,,,,,,,,,,,,,,,,,POINT(105.423 -6.102)
1883,12,,,,Bagana,Bougainville-SW Paci,Papua New Guinea,-6.14,155.195,1750,Lava cone,Historical,D1,3,T,,2,,,,,,,,,,2,,,,,,,,,POINT(155.195 -6.14)
1884,2,,TSU,,Krakatau,Indonesia,Indonesia,-6.102,105.423,813,Caldera,Historical,D1,,,,,,,,,,,,,,,,,,,,,,,POINT(105.423 -6.102)
1884,12,10,,,Semeru,Java,Indonesia,-8.108,112.92,3676,Stratovolcano,Historical,D1,2,A,74,2,,,,,,,,1,74,2,,,,,,,,1,POINT(112.92 -8.108)
1885,5,25,,EQ,Purace,Colombia,Colombia,2.32,-76.4,4650,Stratovolcano,Historical,D1,3,,,2,,,,,,2,,2,,2,,,,,,2,,2,POINT(-76.4 2.32)
1886,1,11,,,Tungurahua,Ecuador,Ecuador,-1.467,-78.442,5023,Stratovolcano,Historical,D1,4,P,2,1,,,,,,,,,2,1,,,,,,,,,POINT(-78.442 -1.467)
1886,6,10,,,Okataina,New Zealand,New Zealand,-38.12,176.5,1111,Lava dome,Historical,D1,2,T,153,3,,,,,,,,,153,3,,,,,,,,,POINT(176.5 -38.12)
1886,8,31,,,Niuafo'ou,Tonga-SW Pacific,Tonga,-15.6,-175.63,260,Shield volcano,Historical,D1,4,,,1,,1,,,,,,,,1,,1,,,,,,,POINT(-175.63 -15.6)
1887,3,9,,,Mayon,Luzon-Philippines,Philippines,13.257,123.685,2462,Stratovolcano,Historical,D1,3,T,15,1,,,,,,,,,15,1,,,,,,,,,POINT(123.685 13.257)
1888,3,13,TSU,,Ritter Island,New Guinea-NE of,Papua New Guinea,-5.52,148.121,140,Stratovolcano,Historical,D1,3,W,,,,,,,,,,,,3,,,,,,3,,3,POINT(148.121 -5.52)
1888,7,15,,,Bandai,Honshu-Japan,Japan,37.6,140.08,1819,Stratovolcano,Historical,D3,4,"A,P",461,3,,,70,2,,2,,2,461,3,,,70,2,,2,,2,POINT(140.08 37.6)
1889,9,6,TSU,EQ,Banua Wuhu,Sangihe Is-Indonesia,Indonesia,3.138,125.491,-5,Submarine volcano,Historical,D2,2,,,,,,,,,,,,,,,,,,,,,,POINT(125.491 3.138)
1890,6,29,,,Makian,Halmahera-Indonesia,Indonesia,0.32,127.4,1357,Stratovolcano,Historical,D1,2,,,,,,,,,3,,3,,,,,,,,3,,3,POINT(127.4 0.32)
1890,,,,,Victory,New Guinea,Papua New Guinea,-9.2,149.07,1925,Stratovolcano,Historical,D2,2,P,,3,,,,,,,,,,3,,,,,,,,,POINT(149.07 -9.2)
1892,5,21,,,Sorikmarapi,Sumatra,Indonesia,0.686,99.539,2145,Stratovolcano,Historical,D1,2,M,180,3,,,,,,,,,180,3,,,,,,,,,POINT(99.539 0.686)
1892,6,7,TSU,,Awu,Sangihe Is-Indonesia,Indonesia,3.67,125.5,1320,Stratovolcano,Historical,D1,3,"P,M",1532,4,,,,,,3,,3,1532,4,,,,,,3,,3,POINT(125.5 3.67)
1893,5,19,,,Azuma,Honshu-Japan,Japan,37.73,140.25,2024,Stratovolcano,Historical,D1,2,T,2,1,,,,,,,,,2,1,,,,,,,,,POINT(140.25 37.73)
1894,10,,,,Ambrym,Vanuatu-SW Pacific,Vanuatu,-16.25,168.12,1334,Pyroclastic shield,Historical,D1,3,"T,L",10,1,,,,,,,,,10,1,,,,,,,,,POINT(168.12 -16.25)
1895,5,22,,,Semeru,Java,Indonesia,-8.108,112.92,3676,Stratovolcano,Historical,D1,2,,,1,,,,,,1,,,,1,,,,,,1,,,POINT(112.92 -8.108)
1895,6,17,,,Karkar,New Guinea-NE of,Papua New Guinea,-4.649,145.964,1839,Stratovolcano,Historical,D1,2,"I,M",21,1,,,,,,,,,21,1,,,,,,,,,POINT(145.964 -4.649)
1895,10,16,,,Kirishima,Kyushu-Japan,Japan,31.93,130.87,1700,Shield volcano,Historical,D1,2,T,4,1,,,,,,,,,4,1,,,,,,,,,POINT(130.87 31.93)
1895,,,,,Dakataua,New Britain-SW Pac,Papua New Guinea,-5.056,150.108,400,Caldera,Anthropology,D3,2,?,,1,,,,,,1,,,,1,,,,,,1,,,POINT(150.108 -5.056)
1896,3,15,,,Kirishima,Kyushu-Japan,Japan,31.93,130.87,1700,Shield volcano,Historical,D1,2,T,1,1,,,1,1,,,,,1,1,,,1,1,,,,,POINT(130.87 31.93)
1897,5,23,,,Mayon,Luzon-Philippines,Philippines,13.257,123.685,2462,Stratovolcano,Historical,D1,3,"P,T,M",350,3,,,,,,,,,350,3,,,,,,,,,POINT(123.685 13.257)
1899,11,13,,,Dona Juana,Colombia,Colombia,1.47,-76.92,4150,Stratovolcano,Historical,D2,4,P,55,2,,,,,,,,,55,2,,,,,,,,,POINT(-76.92 1.47)
1899,,,,,Manam,New Guinea-NE of,Papua New Guinea,-4.1,145.061,1807,Stratovolcano,Historical,D1,2,,2,1,,,,,,,,,2,1,,,,,,,,,POINT(145.061 -4.1)
1900,1,22,,,Asama,Honshu-Japan,Japan,36.4,138.53,2560,Complex volcano,Historical,D1,2,,25,1,,,,,,,,,25,1,,,,,,,,,POINT(138.53 36.4)
1900,2,16,,,Kirishima,Kyushu-Japan,Japan,31.93,130.87,1700,Shield volcano,Historical,D1,2,,2,1,,,3,1,,,,,2,1,,,3,1,,,,,POINT(130.87 31.93)
1900,7,17,,,Adatara,Honshu-Japan,Japan,37.62,140.28,1718,Stratovolcano,Historical,D1,2,T,72,2,,,10,1,,,,,72,2,,,10,1,,,,,POINT(140.28 37.62)
1900,,,,,Tullu Moje,Africa-NE,Ethiopia,8.158,39.13,2349,Pumice cone,Anthropology,D2,,,,,,,,,,1,,,,,,,,,,,,,POINT(39.13 8.158)
1901,5,22,,,Kelut,Java,Indonesia,-7.93,112.308,1731,Stratovolcano,Historical,D1,3,,,2,,,,,,,,,,2,,,,,,,,,POINT(112.308 -7.93)
1901,8,9,TSU,EQ,Epi,Vanuatu-SW Pacific,Vanuatu,-16.68,168.37,833,Stratovolcano,Historical,D1,,,,,,,,,,,,,,1,,,,,,2,,,POINT(168.37 -16.68)
1902,5,5,TSU,,Pelee,W Indies,Martinique,14.82,-61.17,1397,Stratovolcano,Historical,D2,,,23,1,,,,,,,,,23,1,,,,,,,,,POINT(-61.17 14.82)
1902,5,7,TSU,,Soufriere St. Vincent,W Indies,St. Vincent & the Grenadines,13.33,-61.18,1220,Stratovolcano,Historical,D1,4,P,1680,4,,,,3,,,,,1680,4,,,,3,,,,,POINT(-61.18 13.33)
1902,5,8,TSU,,Pelee,W Indies,Martinique,14.82,-61.17,1397,Stratovolcano,Historical,D2,4,P,28000,4,,,,,,,,,28000,4,,,,,,,,,POINT(-61.17 14.82)
1902,5,20,TSU,,Pelee,W Indies,Martinique,14.82,-61.17,1397,Stratovolcano,Historical,D2,,,,,,,,,,,,,,,,,,,,,,,POINT(-61.17 14.82)
1902,8,7,,,Tori-shima,Izu Is-Japan,Japan,30.48,140.32,403,Stratovolcano,Historical,D1,3,,125,3,,,,,,,,,125,3,,,,,,,,,POINT(140.32 30.48)
1902,8,30,TSU,,Pelee,W Indies,Martinique,14.82,-61.17,1397,Stratovolcano,Historical,D2,4,P,1000,3,,,,,,,,,1000,3,,,,,,,,,POINT(-61.17 14.82)
1902,10,24,,,Santa Maria,Guatemala,Guatemala,14.756,-91.552,3772,Stratovolcano,Historical,D1,6,"T,G",1500,4,,,,,,2,,2,1500,4,,,,,,2,,2,POINT(-91.552 14.756)
1902,12,,,,Merapi,Java,Indonesia,-7.542,110.442,2947,Stratovolcano,Historical,D1,2,P,16,1,,,45,1,,,,2,16,1,,,45,1,,,,2,POINT(110.442 -7.542)
1903,8,30,,,Okataina,New Zealand,New Zealand,-38.12,176.5,1111,Lava dome,Historical,D1,1,T,4,1,,,,,,,,,4,1,,,,,,,,,POINT(176.5 -38.12)
1904,2,25,,,Karthala,Indian O-W,Comoros,-11.75,43.38,2361,Shield volcano,Historical,D1,2,L,1,1,,,,,,1,,,1,1,,,,,,1,,,POINT(43.38 -11.75)
1905,3,10,,,Vesuvius,Italy,Italy,40.821,14.426,1281,Complex volcano,Historical,D2,2,T,1,1,,,1,1,,,,,1,1,,,1,1,,,,,POINT(14.426 40.821)
1905,8,4,TSU,,Savai'i,Samoa-SW Pacific,Samoa,-13.612,-172.525,1858,Shield volcano,Historical,D2,2,,,,,,,,,3,,3,,,,,,,,3,,3,POINT(-172.525 -13.612)
1906,4,4,TSU,,Vesuvius,Italy,Italy,40.821,14.426,1281,Complex volcano,Historical,D2,3,"T,L",350,3,,,300,3,,,,,350,3,,,300,3,,,,,POINT(14.426 40.821)
1907,7,,TSU,,Unnamed,Tonga-SW Pacific,Tonga,-21.38,-175.65,-500,Submarine volcano,Historical,D2,0,,,,,,,,,,,,,,,,,,,,,,POINT(-175.65 -21.38)
1907,8,4,,,Alayta,Africa-NE,Ethiopia,12.88,40.57,1501,Shield volcano,Historical,D2,2,,,1,,,,,,,,,,1,,,,,,,,,POINT(40.57 12.88)
1907,9,28,,,Lewotobi,Lesser Sunda Is,Indonesia,-8.53,122.775,1703,Stratovolcano,Historical,D1,2,,1,1,,,,1,,,,,1,1,,,,1,,,,,POINT(122.775 -8.53)
1907,10,6,TSU,,Savai'i,Samoa-SW Pacific,Samoa,-13.612,-172.525,1858,Shield volcano,Historical,D2,,,,,,,,,,3,,3,,,,,,,,3,,3,POINT(-172.525 -13.612)
1909,4,28,,EQ,"Cameroon, Mt.",Africa-W,Cameroon,4.203,9.17,4095,Stratovolcano,Historical,D1,2,,,,,,,,,,,,,,,,,,,,,,POINT(9.17 4.203)
1909,9,,,,Semeru,Java,Indonesia,-8.108,112.92,3676,Stratovolcano,Historical,D1,2,m,221,3,,,,,,,,,221,3,,,,,,,,,POINT(112.92 -8.108)
1910,7,25,,,Usu,Hokkaido-Japan,Japan,42.53,140.83,731,Stratovolcano,Historical,D1,2,M,1,1,,,,,,,,,1,1,,,,,,,,,POINT(140.83 42.53)
1911,1,30,TSU,EQ,Taal,Luzon-Philippines,Philippines,14.002,120.993,400,Stratovolcano,Historical,D1,4,"P,W",1335,4,,,199,3,,3,543,3,1335,4,,,199,3,,3,543,3,POINT(120.993 14.002)
1911,5,8,,,Asama,Honshu-Japan,Japan,36.4,138.53,2560,Complex volcano,Historical,D1,2,,1,1,,,,,,,60,2,1,1,,,,,,,60,2,POINT(138.53 36.4)
1911,8,15,,,Asama,Honshu-Japan,Japan,36.4,138.53,2560,Complex volcano,Historical,D1,2,,,3,,,,,,,,,,3,,,,,,,,,POINT(138.53 36.4)
1911,11,3,TSU,,Piparo,Trinidad,Trinidad ,10,-61,140,Mud volcano,Historical,D1,,,,,,,,,,,,,,,,,,,,,,,POINT(-61 10)
1911,11,8,,,Semeru,Java,Indonesia,-8.108,112.92,3676,Stratovolcano,Historical,D1,3,,,,,,,,,1,,,,,,,,,,1,,,POINT(112.92 -8.108)
1912,9,6,,,Novarupta,Alaska Peninsula,United States,58.27,-155.16,841,Caldera,Historical,D2,6,T,2,1,,,,,,,,,2,1,,,,,,,,,POINT(-155.16 58.27)
1912,12,3,,,Nyamuragira,Africa-C,"Congo, DRC",-1.408,29.2,3058,Shield volcano,Historical,D1,3,L,20,1,,,,,,,,,20,1,,,,,,,,,POINT(29.2 -1.408)
1913,3,14,TSU,EQ,Awu,Sangihe Is-Indonesia,Indonesia,3.67,125.5,1320,Stratovolcano,Historical,D1,2,,,,,,,,,,,,138,3,,,,2,,2,,3,POINT(125.5 3.67)
1913,6,23,,,Semeru,Java,Indonesia,-8.108,112.92,3676,Stratovolcano,Historical,D1,2,,,,,,,,,1,,,,,,,,,,1,,,POINT(112.92 -8.108)
1913,12,6,,,Ambrym,Vanuatu-SW Pacific,Vanuatu,-16.25,168.12,1334,Pyroclastic shield,Historical,D1,3,T,21,1,,,,,,3,,,21,1,,,,,,3,,,POINT(168.12 -16.25)
1914,1,12,TSU,EQ,Sakura-jima,Kyushu-Japan,Japan,31.58,130.67,1117,Stratovolcano,Historical,D1,4,"I,S,A,T",28,1,,,,3,0.04,1,2148,3,63,2,,,112,3,19,3,2268,3,POINT(130.67 31.58)
1914,1,18,,,Pago,New Britain-SW Pac,Papua New Guinea,-5.58,150.52,742,Caldera,Historical,D2,3,I,,1,,,,,,,,,,1,,,,,,,,,POINT(150.52 -5.58)
1914,9,10,,,White Island,New Zealand,New Zealand,-37.52,177.18,321,Stratovolcano,Historical,D1,,A,11,1,,,,,,,,,11,1,,,,,,,,,POINT(177.18 -37.52)
1916,3,3,,,Tungurahua,Ecuador,Ecuador,-1.467,-78.442,5023,Stratovolcano,Historical,D1,4,,,,,,,,,,,,,,,,,,,,,,POINT(-78.442 -1.467)
1916,7,3,TSU,,Stromboli,Italy,Italy,38.789,15.213,926,Stratovolcano,Historical,D1,3,,,,,,,,,,,,,,,,,,,1,,,POINT(15.213 38.789)
1917,1,1,,,"Lengai, Ol Doinyo",Africa-E,Tanzania,-2.751,35.902,2890,Stratovolcano,Historical,D1,3,,,,,,,,,1,,,,,,,,,,1,,,POINT(35.902 -2.751)
1917,4,1,,,Okataina,New Zealand,New Zealand,-38.12,176.5,1111,Lava dome,Historical,D1,1,T,2,1,,,3,1,,,,,2,1,,,3,1,,,,,POINT(176.5 -38.12)
1917,6,7,,EQ,San Salvador,El Salvador,El Salvador,13.736,-89.286,1893,Stratovolcano,Historical,D2,3,"S,L",325,3,,,,,,,,,325,3,,,,,,,,,POINT(-89.286 13.736)
1918,7,18,TSU,,Banua Wuhu,Sangihe Is-Indonesia,Indonesia,3.138,125.491,-5,Submarine volcano,Historical,D2,3,,,,,,,,,,,,,,,,,,,,,,POINT(125.491 3.138)
1918,10,12,,,Katla,Iceland-S,Iceland,63.63,-19.05,1512,Subglacial volcano,Historical,D2,4,,,,,,,,,1,,,,,,,,,,1,,,POINT(-19.05 63.63)
1919,2,19,,,Popocatepetl,Mexico,Mexico,19.023,-98.622,5426,Stratovolcano,Historical,D1,1,A,,2,,,,,,,,,,,,,,,,,,,POINT(-98.622 19.023)
1919,4,3,TSU,,Banua Wuhu,Sangihe Is-Indonesia,Indonesia,3.138,125.491,-5,Submarine volcano,Historical,D2,,,,,,,,,,1,,,,,,,,,,1,,,POINT(125.491 3.138)
1919,5,19,,,Kelut,Java,Indonesia,-7.93,112.308,1731,Stratovolcano,Historical,D1,4,M,5110,4,,,,,,,9000,3,5110,4,,,,,,,9000,3,POINT(112.308 -7.93)
1919,5,22,TSU,,Stromboli,Italy,Italy,38.789,15.213,926,Stratovolcano,Historical,D1,3,T,4,1,,,,3,,,10,1,4,1,,,,3,,,10,1,POINT(15.213 38.789)
1919,9,29,TSU,,Mauna Loa,Hawaiian Is,United States,19.475,-155.608,4170,Shield volcano,Historical,D1,0,,,,,,,,,,,,,,,,,,,,,,POINT(-155.608 19.475)
1920,7,25,,,Merapi,Java,Indonesia,-7.542,110.442,2947,Stratovolcano,Historical,D1,3,P,33,1,,,,,,,,,33,1,,,,,,,,,POINT(110.442 -7.542)
1920,10,29,,,Izalco,El Salvador,El Salvador,13.813,-89.633,1950,Stratovolcano,Historical,D1,3,P,,1,,,,,,,,,,1,,,,,,,,,POINT(-89.633 13.813)
1923,3,11,,,Papandayan,Java,Indonesia,-7.32,107.73,2665,Stratovolcano,Historical,D2,1,G,1,1,,,,,,,,,1,1,,,,,,,,,POINT(107.73 -7.32)
1923,7,1,,,Kirishima,Kyushu-Japan,Japan,31.93,130.87,1700,Shield volcano,Historical,D1,2,,1,1,,,,,,,,,1,1,,,,,,,,,POINT(130.87 31.93)
1924,5,10,,,Kilauea,Hawaiian Is,United States,19.425,-155.292,1222,Shield volcano,Historical,D1,2,T,1,1,,,,,,,,,1,1,,,,,,,,,POINT(-155.292 19.425)
1926,5,24,,,Tokachi,Hokkaido-Japan,Japan,43.42,142.68,2077,Stratovolcano,Historical,D1,3,"M,T",146,3,,,207,3,,,5080,3,146,3,,,207,3,,,5080,3,POINT(142.68 43.42)
1927,8,7,TSU,,Paluweh,Lesser Sunda Is,Indonesia,-8.32,121.708,875,Stratovolcano,Historical,D1,,,,,,,,,,,,,,,,,,,,,,,POINT(121.708 -8.32)
1927,9,5,,,Esjufjoll,Iceland-SE,Iceland,64.27,-16.65,1760,Stratovolcano,Historical,D2,1,M,1,1,,,,,,,,,1,1,,,,,,,,,POINT(-16.65 64.27)
1928,1,23,,,Santorini,Greece,Greece,36.404,25.396,329,Shield volcano,Historical,D2,2,S,48,1,,,,,,,,,48,1,,,,,,,,,POINT(25.396 36.404)
1928,1,,,,Mayon,Luzon-Philippines,Philippines,13.257,123.685,2462,Stratovolcano,Historical,D1,3,P,,1,,,,,,,,,,1,,,,,,,,,POINT(123.685 13.257)
1928,3,28,TSU,,Krakatau,Indonesia,Indonesia,-6.102,105.423,813,Caldera,Historical,D1,,,,,,,,,,,,,,,,,,,,,,,POINT(105.423 -6.102)
1928,5,13,,,Dieng Volc Complex,Java,Indonesia,-7.2,109.92,2565,Complex volcano,Historical,D1,2,T,40,1,,,,,,,,,40,1,,,,,,,,,POINT(109.92 -7.2)
1928,8,4,TSU,,Paluweh,Lesser Sunda Is,Indonesia,-8.32,121.708,875,Stratovolcano,Historical,D1,3,"W,T",98,2,,,,,,,,,226,3,,,200,3,,,,2,POINT(121.708 -8.32)
1928,11,2,,,Etna,Italy,Italy,37.734,15.004,3350,Stratovolcano,Historical,D1,1,L,5,1,,,,,,,,,5,1,,,,,,,,,POINT(15.004 37.734)
1929,6,17,,,Komaga-take,Hokkaido-Japan,Japan,42.07,140.68,1140,Stratovolcano,Historical,D1,4,T,2,1,,,4,1,,,,,2,1,,,4,1,,,,,POINT(140.68 42.07)
1929,11,,,,Santa Maria,Guatemala,Guatemala,14.756,-91.552,3772,Stratovolcano,Historical,D1,3,"P,M",200,3,,,,,,,,,200,3,,,,,,,,,POINT(-91.552 14.756)
1930,3,17,TSU,,Krakatau,Indonesia,Indonesia,-6.102,105.423,813,Caldera,Historical,D1,2,,,,,,,,,,,,,,,,,,,,,,POINT(105.423 -6.102)
1930,8,20,,,Asama,Honshu-Japan,Japan,36.4,138.53,2560,Complex volcano,Historical,D1,3,T,6,1,,,,,,,,,6,1,,,,,,,,,POINT(138.53 36.4)
1930,9,11,TSU,,Stromboli,Italy,Italy,38.789,15.213,926,Stratovolcano,Historical,D1,3,P,5,1,,,20,1,,2,,,6,1,,,20,1,,2,,,POINT(15.213 38.789)
1930,11,25,,,Merapi,Java,Indonesia,-7.542,110.442,2947,Stratovolcano,Historical,D1,3,P,1369,4,,,,,,3,1109,3,1369,4,,,,,,3,1109,3,POINT(110.442 -7.542)
1931,8,20,,,Asama,Honshu-Japan,Japan,36.4,138.53,2560,Complex volcano,Historical,D1,3,,3,1,,,,,,,,,3,1,,,,,,,,,POINT(138.53 36.4)
1932,1,21,,,Fuego,Guatemala,Guatemala,14.473,-90.88,3763,Stratovolcano,Historical,D1,4,,,1,,,,,,,,,,1,,,,,,,,,POINT(-90.88 14.473)
1932,10,1,,,Kusatsu-Shirane,Honshu-Japan,Japan,36.62,138.55,2176,Stratovolcano,Historical,D1,3,M,2,1,,,7,1,,,,,2,1,,,7,1,,,,,POINT(138.55 36.62)
1933,1,8,TSU,EQ,Kharimkotan,Kuril Is,Russia,49.12,154.508,1145,Stratovolcano,Historical,D2,3,W,,,,,,,,,,,2,1,,,,,,,,,POINT(154.508 49.12)
1933,12,24,,,Kuchinoerabu-jima,Ryukyu Is,Japan,30.43,130.22,649,Stratovolcano,Historical,D1,4,T,8,1,,,26,1,,,,,8,1,,,26,1,,,,,POINT(130.22 30.43)
1933,12,25,TSU,,Bulusan,Luzon-Philippines,Philippines,12.77,124.05,1565,Stratovolcano,Historical,D1,2,,,,,,,,,,,,9,1,,,,,,3,,,POINT(124.05 12.77)
1936,2,,,,Asama,Honshu-Japan,Japan,36.4,138.53,2560,Complex volcano,Historical,D1,3,"P,T",2,1,,,,,,,,,2,1,,,,,,,,,POINT(138.53 36.4)
1937,2,9,,,Llaima,Chile-C,Chile,-38.692,-71.729,3125,Stratovolcano,Historical,D1,2,F,3,1,,,,,,,,,3,1,,,,,,,,,POINT(-71.729 -38.692)
1937,5,29,TSU,EQ,Rabaul,New Britain-SW Pac,Papua New Guinea,-4.271,152.203,688,Pyroclastic shield,Historical,D1,4,"P,T,W,I",507,3,,,,,,1,,1,507,3,,,,,,1,,1,POINT(152.203 -4.271)
1938,1,28,TSU,,Nyamuragira,Africa-C,"Congo, DRC",-1.408,29.2,3058,Shield volcano,Historical,D1,1,,,,,,,,,1,,,,,,,,,,1,,,POINT(29.2 -1.408)
1938,6,5,,,Mayon,Luzon-Philippines,Philippines,13.257,123.685,2462,Stratovolcano,Historical,D1,2,,,1,,,,,,,,,,1,,,,,,,,,POINT(123.685 13.257)
1939,8,17,,,Tori-shima,Izu Is-Japan,Japan,30.48,140.32,403,Stratovolcano,Historical,D1,2,,2,1,,,,,,,,,2,1,,,,,,,,,POINT(140.32 30.48)
1939,10,13,,,Dieng Volc Complex,Java,Indonesia,-7.2,109.92,2565,Complex volcano,Historical,D1,1,T,10,1,,,,,,1,,,10,1,,,,,,1,,,POINT(109.92 -7.2)
1940,6,20,,,Karangetang [Api Siau],Sangihe Is-Indonesia,Indonesia,2.78,125.48,1784,Stratovolcano,Historical,D1,2,,1,1,,,2,1,,,,,1,1,,,2,1,,,,,POINT(125.48 2.78)
1940,7,12,,,Miyake-jima,Izu Is-Japan,Japan,34.08,139.53,815,Stratovolcano,Historical,D1,2,L,11,1,,,20,1,,,,,11,1,,,20,1,,,,,POINT(139.53 34.08)
1940,7,24,,,"Lengai, Ol Doinyo",Africa-E,Tanzania,-2.751,35.902,2890,Stratovolcano,Historical,D1,2,,,,,,,,,1,,,,,,,,,,1,,,POINT(35.902 -2.751)
1941,7,13,,,Asama,Honshu-Japan,Japan,36.4,138.53,2560,Complex volcano,Historical,D1,2,T,1,1,,,1,1,,,,,1,1,,,1,1,,,,,POINT(138.53 36.4)
1941,9,21,,,Semeru,Java,Indonesia,-8.108,112.92,3676,Stratovolcano,Historical,D1,2,,,,,,,,,1,,,,,,,,,,1,,,POINT(112.92 -8.108)
1943,2,20,,,Michoacan-Guanajuato,Mexico,Mexico,19.48,-102.25,3860,Cinder cone,Historical,D2,4,E,3,1,,,,,,,,,3,1,,,,,,,,,POINT(-102.25 19.48)
1943,4,13,,,"Azul, Cerro",Galapagos,Ecuador,-0.9,-91.42,1690,Shield volcano,Historical,D1,3,T,1,1,,,,,,,,,1,1,,,,,,,,,POINT(-91.42 -0.9)
1944,3,27,,,Vesuvius,Italy,Italy,40.821,14.426,1281,Complex volcano,Historical,D2,2,"T,L,I",27,1,,,,,,,,,27,1,,,,,,,,,POINT(14.426 40.821)
1944,6,10,,,Cleveland,Aleutian Is,United States,52.82,-169.95,1730,Stratovolcano,Historical,D1,3,T,1,1,,,,,,,,,1,1,,,,,,,,,POINT(-169.95 52.82)
1944,6,23,,,Usu,Hokkaido-Japan,Japan,42.53,140.83,731,Stratovolcano,Historical,D1,2,T,1,1,,,,,,,,,1,1,,,,,,,,,POINT(140.83 42.53)
1944,8,20,TSU,,Stromboli,Italy,Italy,38.789,15.213,926,Stratovolcano,Historical,D1,2,,,,,,,,,,,,,,,,,,,,,,POINT(15.213 38.789)
1944,12,4,,,Dieng Volc Complex,Java,Indonesia,-7.2,109.92,2565,Complex volcano,Historical,D1,2,T,117,3,,,250,3,,,,,117,3,,,250,3,,,,,POINT(109.92 -7.2)
1946,1,,,,Sakura-jima,Kyushu-Japan,Japan,31.58,130.67,1117,Stratovolcano,Historical,D1,2,,1,1,,,,,,,,,1,1,,,,,,,,,POINT(130.67 31.58)
1946,2,,,,Semeru,Java,Indonesia,-8.108,112.92,3676,Stratovolcano,Historical,D1,2,F,6,1,,,,,,2,81,2,6,1,,,,,,2,81,2,POINT(112.92 -8.108)
1946,10,29,,,Semeru,Java,Indonesia,-8.108,112.92,3676,Stratovolcano,Historical,D1,2,,,,,,,,,1,,,,,,,,,,1,,,POINT(112.92 -8.108)
1947,1,7,,,Mayon,Luzon-Philippines,Philippines,13.257,123.685,2462,Stratovolcano,Historical,D1,2,,,1,,,,,,,,,,1,,,,,,,,,POINT(123.685 13.257)
1947,7,6,,,Asama,Honshu-Japan,Japan,36.4,138.53,2560,Complex volcano,Historical,D1,2,,11,1,,,,,,,,,11,1,,,,,,,,,POINT(138.53 36.4)
1947,11,2,,,Hekla,Iceland-S,Iceland,63.98,-19.7,1491,Stratovolcano,Historical,D1,4,L,1,1,,,,,,,,,1,1,,,,,,,,,POINT(-19.7 63.98)
1948,4,7,,,Iliwerung,Lesser Sunda Is,Indonesia,-8.54,123.59,1018,Complex volcano,Historical,D1,2,,,,,,,,,2,,,,,,,,,,2,,,POINT(123.59 -8.54)
1948,9,1,,,Hibok-Hibok,Mindanao-Philippines,Philippines,9.203,124.673,1332,Stratovolcano,Historical,D2,3,P,68,2,,,,,,,,,68,2,,,,,,,,,POINT(124.673 9.203)
1948,10,9,,,Villarrica,Chile-C,Chile,-39.42,-71.93,2847,Stratovolcano,Historical,D1,3,M,36,1,,,,,,,,,36,1,,,,,,,,,POINT(-71.93 -39.42)
1949,5,26,,,Purace,Colombia,Colombia,2.32,-76.4,4650,Stratovolcano,Historical,D1,2,T,17,1,,,,,,,,,17,1,,,,,,,,,POINT(-76.4 2.32)
1950,8,28,,,Semeru,Java,Indonesia,-8.108,112.92,3676,Stratovolcano,Historical,D1,1,P,6,1,,,,,,,,,6,1,,,,,,,,,POINT(112.92 -8.108)
1950,9,23,,,Asama,Honshu-Japan,Japan,36.4,138.53,2560,Complex volcano,Historical,D1,2,T,1,1,,,1,1,,,,1,1,1,,,1,1,,,,1,POINT(138.53 36.4)
1951,1,15,,,Lamington,New Guinea,Papua New Guinea,-8.95,148.15,1680,Stratovolcano,Historical,D2,4,P,2942,4,,,,2,,,,,2942,4,,,,2,,,,,POINT(148.15 -8.95)
1951,8,3,TSU,EQ,Cosiguina,Nicaragua,Nicaragua,12.98,-87.57,872,Stratovolcano,Historical,D3,,,,,,,,,,,,,1000,3,,,,,,3,,,POINT(-87.57 12.98)
1951,8,31,,,Kelut,Java,Indonesia,-7.93,112.308,1731,Stratovolcano,Historical,D1,3,,7,1,,,,,,,,,7,1,,,,,,,,,POINT(112.308 -7.93)
1951,,,TSU,,Kavachi,Solomon Is-SW Pacifi,Solomon Is.,-9.02,157.95,-20,Submarine volcano,Historical,D1,2,,,,,,,,,,,,,,,,,,,,,,POINT(157.95 -9.02)
1952,9,16,TSU,,Myojun Knoll,Izu Is-Japan,Japan,32.1,139.85,360,Submarine volcano,Holocene,Unknown,2,,,,,,,,,,,,,,,,,,,,,,POINT(139.85 32.1)
1952,9,23,TSU,,Myojun Knoll,Izu Is-Japan,Japan,32.1,139.85,360,Submarine volcano,Holocene,Unknown,2,,,,,,,,,,,,,,,,,,,,,,POINT(139.85 32.1)
1952,9,24,TSU,,Myojun Knoll,Izu Is-Japan,Japan,32.1,139.85,360,Submarine volcano,Holocene,Unknown,2,P,31,1,,,,,,1,,,31,1,,,,,,1,,,POINT(139.85 32.1)
1952,9,26,TSU,,Myojun Knoll,Izu Is-Japan,Japan,32.1,139.85,360,Submarine volcano,Holocene,Unknown,2,,,,,,,,,,,,,,,,,,,,,,POINT(139.85 32.1)
1952,,,,,Ambalatungan Group,Luzon-Philippines,Philippines,17.32,121.1,2329,Compound volcano,Fumarolic,U,1,,12,1,,,,,,,,,12,1,,,,,,,,,POINT(121.1 17.32)
1953,3,11,TSU,,Myojun Knoll,Izu Is-Japan,Japan,32.1,139.85,360,Submarine volcano,Holocene,Unknown,2,,,,,,,,,,,,,,,,,,,,,,POINT(139.85 32.1)
1953,3,23,,,Merapi,Java,Indonesia,-7.542,110.442,2947,Stratovolcano,Historical,D1,3,P,64,2,,,57,2,,2,144,3,64,2,,,57,2,,2,144,3,POINT(110.442 -7.542)
1953,3,25,TSU,,Myojun Knoll,Izu Is-Japan,Japan,32.1,139.85,360,Submarine volcano,Holocene,Unknown,2,,,,,,,,,,,,,,,,,,,,,,POINT(139.85 32.1)
1953,4,27,,,Aso,Kyushu-Japan,Japan,32.88,131.1,1592,Caldera,Historical,D1,2,T,6,1,,,,,,,,,6,1,,,,,,,,,POINT(131.1 32.88)
1953,6,27,TSU,,St. Andrew Strait,Admiralty Is-SW Paci,Papua New Guinea,-2.38,147.35,270,Complex volcano,Historical,D2,0,,,,,,,,,,,,,,,,,,,1,,,POINT(147.35 -2.38)
1953,6,,,,Sirung,Lesser Sunda Is,Indonesia,-8.51,124.148,862,Complex volcano,Historical,D1,0,,5,1,,,1,1,,,,,5,1,,,1,1,,,,,POINT(124.148 -8.51)
1953,10,5,,,Oshima,Izu Is-Japan,Japan,34.73,139.38,758,Stratovolcano,Historical,D1,1,,1,1,,,,,,,,,1,1,,,,,,,,,POINT(139.38 34.73)
1954,2,,TSU,,Stromboli,Italy,Italy,38.789,15.213,926,Stratovolcano,Historical,D1,,,,,,,,,,,,,,,,,,,,,,,POINT(15.213 38.789)
1954,8,3,,,Bam,New Guinea-NE of,Papua New Guinea,-3.6,144.85,685,Stratovolcano,Historical,D2,2,I,25,1,,,,2,,,,,25,1,,,,2,,,,,POINT(144.85 -3.6)
1954,,,,,Hibok-Hibok,Mindanao-Philippines,Philippines,9.203,124.673,1332,Stratovolcano,Historical,D2,,m,2,1,,,,,,,,,2,1,,,,,,,,,POINT(124.673 9.203)
1955,7,26,,,Carran-Los Venados,Chile-C,Chile,-40.35,-72.07,1114,Pyroclastic cone,Historical,D1,4,G,2,1,,,,,,,,,2,1,,,,,,,,,POINT(-72.07 -40.35)
1955,10,13,,,Sakura-jima,Kyushu-Japan,Japan,31.58,130.67,1117,Stratovolcano,Historical,D1,3,,,1,,,,,,,,,,1,,,,,,,,,POINT(130.67 31.58)
1956,3,30,TSU,,Bezymianny,Kamchatka,Russia,55.978,160.587,2882,Stratovolcano,Historical,D1,5,,,,,,,,,,,,,,,,,,,,,,POINT(160.587 55.978)
1957,3,11,,EQ,Vsevidof,Aleutian Is,United States,53.13,-168.68,2149,Stratovolcano,Historical,D3,2,,,,,,,,,,,,,,,,,,,,,,POINT(-168.68 53.13)
1957,6,25,,,Merapi,Java,Indonesia,-7.542,110.442,2947,Stratovolcano,Historical,D1,2,P,6,1,,,,,,2,,3,6,1,,,,,,2,,3,POINT(110.442 -7.542)
1957,8,,,,Oshima,Izu Is-Japan,Japan,34.73,139.38,758,Stratovolcano,Historical,D1,2,T,1,1,,,53,2,,,,,1,1,,,53,2,,,,,POINT(139.38 34.73)
1957,10,,,,Aso,Kyushu-Japan,Japan,32.88,131.1,1592,Caldera,Historical,D1,2,T,12,1,,,,,,,,,12,1,,,,,,,,,POINT(131.1 32.88)
1958,7,12,,,Mahawu,Sulawesi-Indonesia,Indonesia,1.358,124.858,1324,Stratovolcano,Historical,D1,2,M,1,1,,,10,1,,,,,1,1,,,10,1,,,,,POINT(124.858 1.358)
1958,10,7,TSU,,Kuwae,Vanuatu-SW Pacific,Vanuatu,-16.829,168.536,-2,Caldera,Historical,D1,2,,,,,,,,,,,,,,,,,,,,,,POINT(168.536 -16.829)
1960,5,25,TSU,EQ,Puyehue,Chile-C,Chile,-40.59,-72.117,2236,Stratovolcano,Holocene,U,3,,,,,,,,,,,,,,,,,,,,,,POINT(-72.117 -40.59)
1961,8,18,,,Asama,Honshu-Japan,Japan,36.4,138.53,2560,Complex volcano,Historical,D1,2,T,1,1,,,,,,,,,1,1,,,,,,,,,POINT(138.53 36.4)
1962,6,29,,,Tokachi,Hokkaido-Japan,Japan,43.42,142.68,2077,Stratovolcano,Historical,D1,3,T,5,1,,,11,1,,,,,5,1,,,11,1,,,,,POINT(142.68 43.42)
1962,12,31,,,Gamalama,Halmahera-Indonesia,Indonesia,0.8,127.325,1715,Stratovolcano,Historical,D1,2,,5,1,,,5,1,,,,,5,1,,,5,1,,,,,POINT(127.325 0.8)
1963,3,13,,,Irazu,Costa Rica,Costa Rica,9.979,-83.852,3432,Stratovolcano,Historical,D1,3,"M,T",40,1,,,,1,,,400,3,40,1,,,,1,,,400,3,POINT(-83.852 9.979)
1963,3,17,TSU,,Agung,Lesser Sunda Is,Indonesia,-8.342,115.508,3142,Stratovolcano,Historical,D1,4,"P,T,M,A",1028,4,,3,624,3,,,,,1028,4,,3,624,3,,,,,POINT(115.508 -8.342)
1963,5,5,,,Semeru,Java,Indonesia,-8.108,112.92,3676,Stratovolcano,Historical,D1,2,T,1,1,,,,,,,,,1,1,,,,,,,,,POINT(112.92 -8.108)
1963,5,16,,EQ,Agung,Lesser Sunda Is,Indonesia,-8.342,115.508,3142,Stratovolcano,Historical,D1,3,,120,2,,,,,,,,,120,2,,,,,,,,,POINT(115.508 -8.342)
1963,5,21,,,Villarrica,Chile-C,Chile,-39.42,-71.93,2847,Stratovolcano,Historical,D1,2,M,,1,,,,,,,,,,1,,,,,,,,,POINT(-71.93 -39.42)
1963,9,5,,,Batur,Lesser Sunda Is,Indonesia,-8.242,115.375,1717,Caldera,Historical,D1,2,,2,1,,,,,,,,1,2,1,,,,,,,,1,POINT(115.375 -8.242)
1963,9,28,,,Fuego,Guatemala,Guatemala,14.473,-90.88,3763,Stratovolcano,Historical,D1,3,M,7,1,,,,,,,,,7,1,,,,,,,,,POINT(-90.88 14.473)
1964,1,1,,,Paluweh,Lesser Sunda Is,Indonesia,-8.32,121.708,875,Stratovolcano,Historical,D1,2,,1,1,,,3,1,,,,,1,1,,,3,1,,,,,POINT(121.708 -8.32)
1964,3,3,,,Villarrica,Chile-C,Chile,-39.42,-71.93,2847,Stratovolcano,Historical,D1,2,M,22,1,,,,,,,,,22,1,,,,,,,,,POINT(-71.93 -39.42)
1964,12,13,,,Dieng Volc Complex,Java,Indonesia,-7.2,109.92,2565,Complex volcano,Historical,D1,1,,114,3,,,,,,,,,114,3,,,,,,,,,POINT(109.92 -7.2)
1965,9,28,TSU,,Taal,Luzon-Philippines,Philippines,14.002,120.993,400,Stratovolcano,Historical,D1,4,"P,W",355,3,,,,,,1,,1,355,3,,,,,,1,,1,POINT(120.993 14.002)
1966,1,13,TSU,,Tinakula,Santa Cruz Is-SW Pac,Solomon Is.,-10.38,165.8,851,Stratovolcano,Historical,D1,3,,,,,,,,,,,,,,,,,,,,,,POINT(165.8 -10.38)
1966,4,26,,,Kelut,Java,Indonesia,-7.93,112.308,1731,Stratovolcano,Historical,D1,4,"M,m,P",215,3,78,2,86,2,,,,,215,3,78,2,86,2,,,,,POINT(112.308 -7.93)
1966,8,12,,,Awu,Sangihe Is-Indonesia,Indonesia,3.67,125.5,1320,Stratovolcano,Historical,D1,4,"P,M,I",39,1,,,1000,3,,,,2,39,1,,,1000,3,,,,2,POINT(125.5 3.67)
1966,8,14,,,"Lengai, Ol Doinyo",Africa-E,Tanzania,-2.751,35.902,2890,Stratovolcano,Historical,D1,4,,,,,,,,,1,,,,,,,,,,1,,,POINT(35.902 -2.751)
1967,1,12,,,Merapi,Java,Indonesia,-7.542,110.442,2947,Stratovolcano,Historical,D1,3,P,3,1,,,,,,,,,3,1,,,,,,,,,POINT(110.442 -7.542)
1967,7,8,,,"Lengai, Ol Doinyo",Africa-E,Tanzania,-2.751,35.902,2890,Stratovolcano,Historical,D1,3,,,,,,,,,1,,,,,,,,,,1,,,POINT(35.902 -2.751)
1967,8,31,,,Semeru,Java,Indonesia,-8.108,112.92,3676,Stratovolcano,Historical,D1,3,M,3,1,,,,,,1,,,3,1,,,,,,1,,,POINT(112.92 -8.108)
1967,12,4,TSU,,Deception Island,Antarctica,Antarctica,-62.97,-60.65,576,Caldera,Historical,D1,3,,,,,,,,,,,,,,,,,,,,,,POINT(-60.65 -62.97)
1968,1,,,,Semeru,Java,Indonesia,-8.108,112.92,3676,Stratovolcano,Historical,D1,2,m,372,3,120,3,152,3,,,,,372,3,120,3,152,3,,,,,POINT(112.92 -8.108)
1968,4,21,,,Mayon,Luzon-Philippines,Philippines,13.257,123.685,2462,Stratovolcano,Historical,D1,3,"M,P",6,1,,,,,,,,,6,1,,,,,,,,,POINT(123.685 13.257)
1968,7,29,,,Arenal,Costa Rica,Costa Rica,10.463,-84.703,1657,Stratovolcano,Historical,D1,3,"P,T",80,2,,,,,,,,,80,2,,,,,,,,,POINT(-84.703 10.463)
1969,1,28,,,Iya,Lesser Sunda Is,Indonesia,-8.88,121.63,637,Stratovolcano,Historical,D1,3,"T,m",2,1,,,10,1,,,287,2,2,1,,,10,1,,,287,2,POINT(121.63 -8.88)
1969,3,21,TSU,,Didicas,Luzon-N of,Philippines,19.077,122.202,244,Compound volcano,Historical,D1,2,W,,,,,,,,,,,3,1,,,,,,,,,POINT(122.202 19.077)
1970,5,5,,,Hekla,Iceland-S,Iceland,63.98,-19.7,1491,Stratovolcano,Historical,D1,3,,,,,,,,,1,,,,,,,,,,1,,,POINT(-19.7 63.98)
1971,8,12,,,"Hudson, Cerro",Chile-S,Chile,-45.9,-72.97,1905,Stratovolcano,Historical,D1,3,M,3,1,,,,,,,,,3,1,,,,,,,,,POINT(-72.97 -45.9)
1971,9,6,TSU,,Tinakula,Santa Cruz Is-SW Pac,Solomon Is.,-10.38,165.8,851,Stratovolcano,Historical,D1,2,,,,,,,,,,,,,,,,,,,,,,POINT(165.8 -10.38)
1971,9,14,,,Fuego,Guatemala,Guatemala,14.473,-90.88,3763,Stratovolcano,Historical,D1,3,"M,T",10,1,,,,,,,,,10,1,,,,,,,,,POINT(-90.88 14.473)
1971,10,26,,,La Palma,Canary Is,Spain,28.58,-17.83,2426,Stratovolcano,Historical,D1,2,,,1,,,,,,1,,,,1,,,,,,1,,,POINT(-17.83 28.58)
1971,10,29,,,Villarrica,Chile-C,Chile,-39.42,-71.93,2847,Stratovolcano,Historical,D1,2,M,15,1,,,,,,,,,15,1,,,,,,,,,POINT(-71.93 -39.42)
1972,6,9,,,"Fournaise, Piton de la",Indian O-W,Reunion,-21.229,55.713,2631,Shield volcano,Historical,D1,2,I,3,1,,,,,,,,,3,1,,,,,,,,,POINT(55.713 -21.229)
1972,10,9,TSU,,Ritter Island,New Guinea-NE of,Papua New Guinea,-5.52,148.121,140,Stratovolcano,Historical,D1,1,,,,,,,,,,,,,,,,,,,,,,POINT(148.121 -5.52)
1973,1,27,,,Vestmannaeyjar,Iceland-S,Iceland,63.43,-20.28,279,Submarine volcano,Historical,D1,3,G,1,1,,,,,,,,,1,1,,,,,,,,,POINT(-20.28 63.43)
1973,1,,,,Paluweh,Lesser Sunda Is,Indonesia,-8.32,121.708,875,Stratovolcano,Historical,D1,3,,,,,,,,,1,,1,,,,,,,,1,,1,POINT(121.708 -8.32)
1973,1,,,,Semeru,Java,Indonesia,-8.108,112.92,3676,Stratovolcano,Historical,D1,2,M,12,1,,,,,,,,,12,1,,,,,,,,,POINT(112.92 -8.108)
1973,12,5,,,Iliwerung,Lesser Sunda Is,Indonesia,-8.54,123.59,1018,Complex volcano,Historical,D1,2,W,2,1,,,,,,,,,2,1,,,,,,,,,POINT(123.59 -8.54)
1974,2,11,,,Karangetang [Api Siau],Sangihe Is-Indonesia,Indonesia,2.78,125.48,1784,Stratovolcano,Historical,D1,3,A,4,1,,,,,,,,,4,1,,,,,,,,,POINT(125.48 2.78)
1974,6,17,,,Sakura-jima,Kyushu-Japan,Japan,31.58,130.67,1117,Stratovolcano,Historical,D1,3,M,3,1,,,,,,,,,3,1,,,,,,,,,POINT(130.67 31.58)
1974,7,28,,,Niigata-Yake-yama,Honshu-Japan,Japan,36.92,138.03,2400,Lava dome,Historical,D1,2,T,3,1,,,,,,,,,3,1,,,,,,,,,POINT(138.03 36.92)
1974,8,9,,,Sakura-jima,Kyushu-Japan,Japan,31.58,130.67,1117,Stratovolcano,Historical,D1,3,M,5,1,,,,,,,,,5,1,,,,,,,,,POINT(130.67 31.58)
1974,10,10,,,Fuego,Guatemala,Guatemala,14.473,-90.88,3763,Stratovolcano,Historical,D1,4,"T,M",,1,,,,,,,,,,1,,,,,,,,,POINT(-90.88 14.473)
1974,10,17,TSU,,Ritter Island,New Guinea-NE of,Papua New Guinea,-5.52,148.121,140,Stratovolcano,Historical,D1,1,,,,,,,,,,,,,,,,,,,,,,POINT(148.121 -5.52)
1975,1,,,,Marapi,Sumatra,Indonesia,-0.381,100.473,2891,Complex volcano,Historical,D1,2,M,80,2,,,,,,3,,3,80,2,,,,,,3,,3,POINT(100.473 -0.381)
1975,6,17,,,Arenal,Costa Rica,Costa Rica,10.463,-84.703,1657,Stratovolcano,Historical,D1,3,,2,1,,,,1,,,,,2,1,,,,1,,,,,POINT(-84.703 10.463)
1975,11,29,TSU,EQ,Kilauea,Hawaiian Is,United States,19.425,-155.292,1222,Shield volcano,Historical,D1,0,W,,,,,,,,,,,2,1,,,,1,4,2,,,POINT(-155.292 19.425)
1976,8,12,,,Sangay,Ecuador,Ecuador,-2.03,-78.33,5230,Stratovolcano,Historical,D1,3,T,2,1,,,4,1,,,,,2,1,,,4,1,,,,,POINT(-78.33 -2.03)
1976,8,31,,,Semeru,Java,Indonesia,-8.108,112.92,3676,Stratovolcano,Historical,D1,2,M,119,3,,,,,,,,,119,3,,,,,,,,,POINT(112.92 -8.108)
1976,9,15,,,Karangetang [Api Siau],Sangihe Is-Indonesia,Indonesia,2.78,125.48,1784,Stratovolcano,Historical,D1,2,P,1,1,,,1,1,,,24,1,1,1,,,1,1,,,24,1,POINT(125.48 2.78)
1977,1,10,,,Nyiragongo,Africa-C,"Congo, DRC",-1.52,29.25,3470,Stratovolcano,Historical,D1,1,L,,2,,,,,,3,,,,2,,,,,,3,,,POINT(29.25 -1.52)
1977,4,5,,,Karthala,Indian O-W,Comoros,-11.75,43.38,2361,Shield volcano,Historical,D1,0,,,1,,,,,,1,,,,1,,,,,,1,,,POINT(43.38 -11.75)
1977,4,27,,,Krafla,Iceland-NE,Iceland,65.73,-16.78,650,Caldera,Historical,D1,1,,,,,,,,,1,,,,,,,,,,1,,,POINT(-16.78 65.73)
1977,8,2,,,Kliuchevskoi,Kamchatka,Russia,56.057,160.638,4835,Stratovolcano,Historical,D1,3,T,1,1,,,,,,,,,1,1,,,,,,,,,POINT(160.638 56.057)
1978,1,13,,,Usu,Hokkaido-Japan,Japan,42.53,140.83,731,Stratovolcano,Historical,D1,3,m,3,1,,,2,1,,,,,3,1,,,2,1,,,,,POINT(140.83 42.53)
1978,7,29,,,Bulusan,Luzon-Philippines,Philippines,12.77,124.05,1565,Stratovolcano,Historical,D1,2,,,,,,,,,1,,,,,,,,,,1,,,POINT(124.05 12.77)
1978,9,2,,,Santa Maria,Guatemala,Guatemala,14.756,-91.552,3772,Stratovolcano,Historical,D1,3,M,1,1,,,,,,,,,1,1,,,,,,,,,POINT(-91.552 14.756)
1979,2,20,,,Dieng Volc Complex,Java,Indonesia,-7.2,109.92,2565,Complex volcano,Historical,D1,1,G,149,3,,,,,,,,,149,3,,,,,,,,,POINT(109.92 -7.2)
1979,3,8,,,Karkar,New Guinea-NE of,Papua New Guinea,-4.649,145.964,1839,Stratovolcano,Historical,D1,2,P,2,1,,,,,,,,,2,1,,,,,,,,,POINT(145.964 -4.649)
1979,7,5,,,Etna,Italy,Italy,37.734,15.004,3350,Stratovolcano,Historical,D1,2,T,9,1,,,23,1,,,,,9,1,,,23,1,,,,,POINT(15.004 37.734)
1979,9,6,,,Aso,Kyushu-Japan,Japan,32.88,131.1,1592,Caldera,Historical,D1,2,T,3,1,,,11,1,,,,,3,1,,,11,1,,,,,POINT(131.1 32.88)
1980,5,18,TSU,EQ,St. Helens,US-Washington,United States,46.2,-122.18,2549,Stratovolcano,Historical,D1,5,"P,M,T",57,2,,,,,2000,4,,,57,2,,,,,2000,4,,,POINT(-122.18 46.2)
1980,8,17,,,Hekla,Iceland-S,Iceland,63.98,-19.7,1491,Stratovolcano,Historical,D1,3,,,,,,,,,1,,,,,,,,,,1,,,POINT(-19.7 63.98)
1981,3,17,,,Etna,Italy,Italy,37.734,15.004,3350,Stratovolcano,Historical,D1,2,,,,,,,,10,3,,,,,,,,,,,,,POINT(15.004 37.734)
1981,4,27,,,Alaid,Kuril Is,Russia,50.858,155.55,2339,Stratovolcano,Historical,D1,2,,,,,,,,,1,,,,,,,,,,1,,,POINT(155.55 50.858)
1981,6,30,,,Mayon,Luzon-Philippines,Philippines,13.257,123.685,2462,Stratovolcano,Historical,D1,,m,200,3,,,,,,,,,200,3,,,,,,,,,POINT(123.685 13.257)
1981,9,5,,,Paluweh,Lesser Sunda Is,Indonesia,-8.32,121.708,875,Stratovolcano,Historical,D1,2,P,,,,,,,,1,,1,,,,,,,,1,,1,POINT(121.708 -8.32)
1982,3,28,,EQ,"Chichon, El",Mexico,Mexico,17.36,-93.228,1150,Tuff cone,Historical,D1,5,"P,T,M,S",1879,4,1755,4,,,3.3,2,,,1879,4,1755,4,,,3.3,2,,,POINT(-93.228 17.36)
1982,4,4,,,"Chichon, El",Mexico,Mexico,17.36,-93.228,1150,Tuff cone,Historical,D1,5,P,33,1,,,,,,,,,33,1,,,,,,,,,POINT(-93.228 17.36)
1982,5,17,,,Galunggung,Java,Indonesia,-7.25,108.05,2168,Stratovolcano,Historical,D1,4,"I,T",68,2,,,,,15,3,,,68,2,,,,,15,3,,,POINT(108.05 -7.25)
1982,5,27,,,"Chichon, El",Mexico,Mexico,17.36,-93.228,1150,Tuff cone,Historical,D1,5,m,1,1,,,,,,,,,1,1,,,,,,,,,POINT(-93.228 17.36)
1983,3,8,,,Kliuchevskoi,Kamchatka,Russia,56.057,160.638,4835,Stratovolcano,Historical,D1,2,T,1,1,,,,,,,,,1,1,,,,,,,,,POINT(160.638 56.057)
1983,7,23,,,Colo [Una Una],Sulawesi-Indonesia,Indonesia,-0.17,121.608,507,Stratovolcano,Historical,D1,4,,,,,,,,,1,,,,,,,,,,1,,,POINT(121.608 -0.17)
1983,8,17,TSU,,Iliwerung,Lesser Sunda Is,Indonesia,-8.54,123.59,1018,Complex volcano,Historical,D1,1,W,,,,,,,,,,,,,,,,,,,,,POINT(123.59 -8.54)
1983,10,3,,EQ,Miyake-jima,Izu Is-Japan,Japan,34.08,139.53,815,Stratovolcano,Historical,D1,3,,,,,,,,,1,,,,,,,,,,2,,,POINT(139.53 34.08)
1984,8,15,,,San Joaquin,Africa-W,Equatorial Guinea,3.35,8.63,2009,Shield volcano,Holocene,U,,G,37,1,,,,,,,,,37,1,,,,,,,,,POINT(8.63 3.35)
1984,9,9,,,Mayon,Luzon-Philippines,Philippines,13.257,123.685,2462,Stratovolcano,Historical,D1,3,M,1,1,,,,,,,,,1,1,,,,,,,,,POINT(123.685 13.257)
1985,11,13,,,Ruiz,Colombia,Colombia,4.895,-75.322,5321,Stratovolcano,Historical,D1,3,M,23080,4,,,10000,4,,,,,23080,4,,,10000,4,,,,,POINT(-75.322 4.895)
1986,7,24,,,Stromboli,Italy,Italy,38.789,15.213,926,Stratovolcano,Historical,D1,2,T,1,1,,,,,,,,,1,1,,,,,,,,,POINT(15.213 38.789)
1986,8,21,,,Oku Volc Field,Africa-W,Cameroon,6.25,10.5,3011,Maar,Radiocarbon,D5,3,G,1700,4,,,300,3,,,,,1700,4,,,300,3,,,,,POINT(10.5 6.25)
1986,10,15,,,Merapi,Java,Indonesia,-7.542,110.442,2947,Stratovolcano,Historical,D1,2,M,1,1,,,,,,,,,1,1,,,,,,,,,POINT(110.442 -7.542)
1986,11,15,,,Oshima,Izu Is-Japan,Japan,34.73,139.38,758,Stratovolcano,Historical,D1,3,I,1,1,,,,,,,,,1,1,,,,,,,,,POINT(139.38 34.73)
1987,1,25,,,Pacaya,Guatemala,Guatemala,14.381,-90.601,2552,Complex volcano,Historical,D1,3,,,,,,15,1,,1,63,2,,,,,15,1,,1,63,2,POINT(-90.601 14.381)
1987,4,17,,,Etna,Italy,Italy,37.734,15.004,3350,Stratovolcano,Historical,D1,2,T,2,1,,,7,1,,,,,2,1,,,7,1,,,,,POINT(15.004 37.734)
1987,12,1,,EQ,Sirung,Lesser Sunda Is,Indonesia,-8.51,124.148,862,Complex volcano,Historical,D1,,,,,,,,,,,,,125,3,,,,3,5,3,237,3,POINT(124.148 -8.51)
1988,5,9,,,Banda Api,Banda Sea,Pacific Ocean,-4.525,129.871,640,Caldera,Historical,D1,3,"T,L",4,1,,,,,,,,,4,1,,,,,,,,,POINT(129.871 -4.525)
1988,7,6,,,Arenal,Costa Rica,Costa Rica,10.463,-84.703,1657,Stratovolcano,Historical,D1,3,T,1,1,,,,,,,,,1,1,,,,,,,,,POINT(-84.703 10.463)
1988,12,25,,,Lonquimay,Chile-C,Chile,-38.377,-71.58,2865,Stratovolcano,Historical,D1,3,T,1,1,,,,,,,,,1,1,,,,,,,,,POINT(-71.58 -38.377)
1990,2,2,,,Shiveluch,Kamchatka,Russia,56.653,161.36,3283,Stratovolcano,Historical,D1,3,,,,,,,,,1,,,,,,,,,,1,,,POINT(161.36 56.653)
1990,2,10,,,Kelut,Java,Indonesia,-7.93,112.308,1731,Stratovolcano,Historical,D1,4,"T,P",32,1,,,,,,,,,32,1,,,,,,,,,POINT(112.308 -7.93)
1990,5,29,,,Sabancaya,Peru,Peru,-15.78,-71.85,5967,Stratovolcano,Historical,D1,3,,,,,,,,,1,,,,,,,,,,1,,,POINT(-71.85 -15.78)
1990,7,19,,,Santa Maria,Guatemala,Guatemala,14.756,-91.552,3772,Stratovolcano,Historical,D1,3,T,4,1,,,,,,,,,4,1,,,,,,,,,POINT(-91.552 14.756)
1990,11,17,,,Unzen,Kyushu-Japan,Japan,32.75,130.3,1500,Complex volcano,Historical,D1,1,P,43,1,,,,,,,,,43,1,,,,,,,,,POINT(130.3 32.75)
1991,6,15,,EQ,Pinatubo,Luzon-Philippines,Philippines,15.13,120.35,1486,Stratovolcano,Historical,D1,6,"P,m,I",450,3,,,4,1,,3,,,450,3,,,4,1,,3,,,POINT(120.35 15.13)
1991,7,3,,,Karthala,Indian O-W,Comoros,-11.75,43.38,2361,Shield volcano,Historical,D1,2,,,,,,,,,1,,,,,,,,,,1,,,POINT(43.38 -11.75)
1991,8,8,,,"Hudson, Cerro",Chile-S,Chile,-45.9,-72.97,1905,Stratovolcano,Historical,D1,5,,,,,,,,,1,,,,,,,,,,1,,,POINT(-72.97 -45.9)
1991,10,24,,,Lokon-Empung,Sulawesi-Indonesia,Indonesia,1.358,124.792,1580,Stratovolcano,Historical,D1,1,"T,P",1,1,,,,,,,,,1,1,,,,,,,,,POINT(124.792 1.358)
1991,12,14,,,Etna,Italy,Italy,37.734,15.004,3350,Stratovolcano,Historical,D1,2,,,,,,,,2.5,2,,,,,,,,,2.5,2,,,POINT(15.004 37.734)
1992,4,13,,,"Negro, Cerro",Nicaragua,Nicaragua,12.506,-86.702,728,Cinder cone,Historical,D1,3,I,2,1,,,,,,,,,2,1,,,,,,,,,POINT(-86.702 12.506)
1992,5,11,,,Karangetang [Api Siau],Sangihe Is-Indonesia,Indonesia,2.78,125.48,1784,Stratovolcano,Historical,D1,1,P,6,1,,,,,,,,,6,1,,,,,,,,,POINT(125.48 2.78)
1992,7,12,,,Pinatubo,Luzon-Philippines,Philippines,15.13,120.35,1486,Stratovolcano,Historical,D1,1,m,6,1,,,,,,,,,6,1,,,,,,,,,POINT(120.35 15.13)
1992,9,17,,,Spurr,Alaska-SW,United States,61.3,-152.25,3374,Stratovolcano,Historical,D1,3,,,,,,,,2,2,,,,,,,,,2,2,,,POINT(-152.25 61.3)
1993,1,14,,,Galeras,Colombia,Colombia,1.22,-77.37,4276,Complex volcano,Historical,D1,2,T,9,1,,,,,,,,,9,1,,,,,,,,,POINT(-77.37 1.22)
1993,2,2,,,Mayon,Luzon-Philippines,Philippines,13.257,123.685,2462,Stratovolcano,Historical,D1,2,P,75,2,,,,,,,,,75,2,,,,,,,,,POINT(123.685 13.257)
1993,4,19,,,Kilauea,Hawaiian Is,United States,19.425,-155.292,1222,Shield volcano,Historical,D1,0,A,1,1,,,22,1,,,,,1,1,,,22,1,,,,,POINT(-155.292 19.425)
1993,6,13,,,Krakatau,Indonesia,Indonesia,-6.102,105.423,813,Caldera,Historical,D1,1,T,1,1,,,5,1,,,,,1,1,,,5,1,,,,,POINT(105.423 -6.102)
1993,6,23,,,Unzen,Kyushu-Japan,Japan,32.75,130.3,1500,Complex volcano,Historical,D1,1,P,1,1,,,,,,,,1,1,1,,,,,,,,1,POINT(130.3 32.75)
1994,1,,,,Yasur,Vanuatu-SW Pacific,Vanuatu,-19.52,169.425,361,Stratovolcano,Historical,D1,3,,3,1,,,,,,,,,3,1,,,,,,,,,POINT(169.425 -19.52)
1994,7,16,,,Marapi,Sumatra,Indonesia,-0.381,100.473,2891,Complex volcano,Historical,D1,2,T,1,1,,,5,1,,,,,1,1,,,5,1,,,,,POINT(100.473 -0.381)
1994,9,19,TSU,,Rabaul,New Britain-SW Pac,Papua New Guinea,-4.271,152.203,688,Pyroclastic shield,Historical,D1,3,T,4,1,,,,,35,4,,,,,,,,,,,,,POINT(152.203 -4.271)
1994,11,22,,,Merapi,Java,Indonesia,-7.542,110.442,2947,Stratovolcano,Historical,D1,3,,60,2,,,,,,,,,60,2,,,,,,,,,POINT(110.442 -7.542)
1995,4,2,,,Fogo,Cape Verde Is,Cape Verde,14.95,-24.35,2829,Stratovolcano,Historical,D1,2,,,,,,20,1,,1,10,1,,,,,20,1,,1,10,1,POINT(-24.35 14.95)
1996,1,2,TSU,,Karymsky,Kamchatka,Russia,54.05,159.43,1536,Stratovolcano,Historical,D1,2,,,,,,,,,,,,,,,,,,,,,,POINT(159.43 54.05)
1996,4,30,,,Popocatepetl,Mexico,Mexico,19.023,-98.622,5426,Stratovolcano,Historical,D1,3,,5,1,,,,,,1,,,5,1,,,,,,1,,,POINT(-98.622 19.023)
1996,5,5,,,Semeru,Java,Indonesia,-8.108,112.92,3676,Stratovolcano,Historical,D1,2,P,1,1,,,,,,,,,1,1,,,,,,,,,POINT(112.92 -8.108)
1996,9,30,,,Grimsvotn,Iceland-NE,Iceland,64.42,-17.33,1725,Caldera,Historical,D1,3,,,,,,,,,1,,,,,,,,,,1,,,POINT(-17.33 64.42)
1997,4,17,,,Karangetang [Api Siau],Sangihe Is-Indonesia,Indonesia,2.78,125.48,1784,Stratovolcano,Historical,D1,1,P,3,1,,,,,,,,,3,1,,,,,,,,,POINT(125.48 2.78)
1997,6,25,,,Soufriere Hills,W Indies,Montserrat,16.72,-62.18,915,Stratovolcano,Historical,D1,3,P,22,1,1,,,,,,,,22,1,,,,,,,,,POINT(-62.18 16.72)
1997,8,1,,,Soufriere Hills,W Indies,Montserrat,16.72,-62.18,915,Stratovolcano,Historical,D1,3,,2,1,,,,,,,,,2,1,,,,,,,,,POINT(-62.18 16.72)
1997,12,26,TSU,,Soufriere Hills,W Indies,Montserrat,16.72,-62.18,915,Stratovolcano,Historical,D1,,,,,,,,,,,,,,,,,,,,,,,POINT(-62.18 16.72)
1998,4,28,,,Kilauea,Hawaiian Is,United States,19.425,-155.292,1222,Shield volcano,Historical,D1,,L,1,1,,,,,,,,,,,,,,,,,,,POINT(-155.292 19.425)
1999,1,20,TSU,,Soufriere Hills,W Indies,Montserrat,16.72,-62.18,915,Stratovolcano,Historical,D1,3,,,,,,,,,,,,,,,,,,,,,,POINT(-62.18 16.72)
1999,5,21,,,Fuego,Guatemala,Guatemala,14.473,-90.88,3763,Stratovolcano,Historical,D1,2,,,,,,,,,,,,,,,,,,,,,,POINT(-90.88 14.473)
1999,8,15,,,Shiveluch,Kamchatka,Russia,56.653,161.36,3283,Stratovolcano,Historical,D1,4,,,,,,,,,1,,,,,,,,,,,,,POINT(161.36 56.653)
2000,6,27,TSU,EQ,Miyake-jima,Izu Is-Japan,Japan,34.08,139.53,815,Stratovolcano,Historical,D1,2,,,,,,,,,1,,,1,1,,,,3,,1,,,POINT(139.53 34.08)
2000,11,3,,,Kilauea,Hawaiian Is,United States,19.425,-155.292,1222,Shield volcano,Historical,D1,,G,2,1,,,,,,,,,2,1,,,,,,,,,POINT(-155.292 19.425)
2001,5,14,,,Etna,Italy,Italy,37.734,15.004,3350,Stratovolcano,Historical,D1,3,,1,1,,,,,,1,,,1,1,,,,,,1,,,POINT(15.004 37.734)
2001,7,26,,,Etna,Italy,Italy,37.734,15.004,3350,Stratovolcano,Historical,D1,2,,,,,,,,,1,,1,,,,,,,,1,,1,POINT(15.004 37.734)
2002,1,3,,,Karangetang [Api Siau],Sangihe Is-Indonesia,Indonesia,2.78,125.48,1784,Stratovolcano,Historical,D1,3,M,,,,,,,,1,,1,,,,,,,,1,,1,POINT(125.48 2.78)
2002,1,17,,,Nyiragongo,Africa-C,"Congo, DRC",-1.52,29.25,3470,Stratovolcano,Historical,D1,1,,100,2,,,400,3,,3,,3,100,2,,,,3,,3,,3,POINT(29.25 -1.52)
2002,8,28,,EQ,Etna,Italy,Italy,37.734,15.004,3350,Stratovolcano,Historical,D1,3,,,,,,32,1,,2,,2,,,,,32,1,,2,,2,POINT(15.004 37.734)
2002,12,30,TSU,,Stromboli,Italy,Italy,38.789,15.213,926,Stratovolcano,Historical,D1,,,,,,,,1,,1,,1,,,,,,1,,1,,1,POINT(15.213 38.789)
2003,7,12,TSU,,Soufriere Hills,W Indies,Montserrat,16.72,-62.18,915,Stratovolcano,Historical,D1,3,,,,,,,,,,,,,,,,,,,,,,POINT(-62.18 16.72)
2004,6,8,,,Tengger Caldera,Java,Indonesia,-7.942,112.95,2329,Stratovolcano,Historical,D1,2,T,2,1,,,5,1,,,,,,,,,,,,,,,POINT(112.95 -7.942)
2005,11,24,,,Karthala,Indian O-W,Comoros,-11.75,43.38,2361,Shield volcano,Historical,D1,,,,1,,,,,,1,,,,1,,,,,,1,,,POINT(43.38 -11.75)
2006,3,17,,,Raoul Island,Kermadec Is,New Zealand,-29.27,-177.92,516,Stratovolcano,Historical,D1,,,1,1,,,,,,,,,1,1,,,,,,,,,POINT(-177.92 -29.27)
2006,5,20,TSU,,Soufriere Hills,W Indies,Montserrat,16.72,-62.18,915,Stratovolcano,Historical,D1,2,P,,,,,,,,,,,,,,,,,,,,,POINT(-62.18 16.72)
2006,6,7,,,Bulusan,Luzon-Philippines,Philippines,12.77,124.05,1565,Stratovolcano,Historical,D1,2,,1,1,,,,,,,,,,,,,,,,,,,POINT(124.05 12.77)
2006,6,14,,,Merapi,Java,Indonesia,-7.542,110.442,2947,Stratovolcano,Historical,D1,1,,2,1,,,,,,,,,2,1,,,,,,,,,POINT(110.442 -7.542)
2006,7,13,,,Mayon,Luzon-Philippines,Philippines,13.257,123.685,2462,Stratovolcano,Historical,D1,1,m,1266,4,,,,,,1,,,1266,4,,,,,,1,,,POINT(123.685 13.257)
2006,7,18,,,Tungurahua,Ecuador,Ecuador,-1.467,-78.442,5023,Stratovolcano,Historical,D1,3,,1,1,,,,,,,,,1,1,,,,,,,,,POINT(-78.442 -1.467)
2006,8,17,,,Tungurahua,Ecuador,Ecuador,-1.467,-78.442,5023,Stratovolcano,Historical,D1,3,T,5,1,,2,13,1,,3,,3,6,1,,2,,2,,3,,3,POINT(-78.442 -1.467)
2007,4,18,,,Huila,Colombia,Colombia,2.92,-76.05,5365,Stratovolcano,Historical,D5,,,,,,,,,,2,,1,,,,,,,,2,,1,POINT(-76.05 2.92)
2007,9,30,,,"Tair, Jebel at",Red Sea,Yemen,15.7,41.742,244,Stratovolcano,Historical,D3,,,7,1,,,1,1,,,,,7,1,,,,1,,,,,POINT(41.742 15.7)
2008,5,2,,,Chaiten,Chile-S,Chile,-42.833,-72.646,962,Caldera,Holocene,D1,,,1,1,,,,,,,,,1,1,,,,,,,,,POINT(-72.646 -42.833)
2008,8,8,TSU,,Kasatochi,Aleutian Is,United States,52.18,-175.5,314,Stratovolcano,Historical,D1,3,,,,,,,,,,,,,,,,,,,,,,POINT(-175.5 52.18)
2008,8,22,,,Tungurahua,Ecuador,Ecuador,-1.467,-78.442,5023,Stratovolcano,Historical,D1,3,M,2,1,,,2,1,,1,2,1,2,1,,,2,1,,1,2,1,POINT(-78.442 -1.467)
2008,11,20,,,Huila,Colombia,Colombia,2.92,-76.05,5365,Stratovolcano,Historical,D5,,,10,1,,1,,1,,,,,10,1,,1,,1,,,,,POINT(-76.05 2.92)
2009,3,23,,,Redoubt,Alaska-SW,United States,60.48,-152.75,3108,Stratovolcano,Historical,D1,,,,,,,,,,1,,,,,,,,,,,,,POINT(-152.75 60.48)
2009,11,30,,,Kilauea,Hawaiian Is,United States,19.425,-155.292,1222,Shield volcano,Historical,D1,,,,,,,,,,2,,,,,,,,,,2,,,POINT(-155.292 19.425)
2010,1,,,,Tungurahua,Ecuador,Ecuador,-1.467,-78.442,5023,Stratovolcano,Historical,D1,3,,,,,,,,,1,,,,,,,,,,1,,,POINT(-78.442 -1.467)
2010,3,31,,,Eyjafjallajokull,Iceland-S,Iceland,63.63,-19.62,1666,Stratovolcano,Historical,D1,2,,2,1,,,,,,,,,2,1,,,,,,,,,POINT(-19.62 63.63)
2010,5,27,,,Pacaya,Guatemala,Guatemala,14.381,-90.601,2552,Complex volcano,Historical,D1,1,T,1,1,3,1,,,,1,3,1,1,1,3,1,,,,1,3,1,POINT(-90.601 14.381)
2010,5,29,TSU,EQ,Sarigan,Mariana Is-C Pacific,United States,16.708,145.78,538,Stratovolcano,Holocene,U,,,,,,,,,,,,,,,,,,,,,,,POINT(145.78 16.708)
2010,8,6,,,Karangetang [Api Siau],Sangihe Is-Indonesia,Indonesia,2.78,125.48,1784,Stratovolcano,Historical,D1,3,,4,1,,,5,1,,,,1,4,1,,,5,1,,,,1,POINT(125.48 2.78)
2010,8,30,,,Sinabung,Sumatra,Indonesia,3.17,98.392,2460,Stratovolcano,Holocene,U,,,2,1,,,,,,,,,2,1,,,,,,,,,POINT(98.392 3.17)
2010,10,26,,,Merapi,Java,Indonesia,-7.542,110.442,2947,Stratovolcano,Historical,D1,,,324,3,,,427,3,600,4,,3,324,3,,,427,3,600,4,,3,POINT(110.442 -7.542)
2010,11,,,,Tungurahua,Ecuador,Ecuador,-1.467,-78.442,5023,Stratovolcano,Historical,D1,3,,,,,,,,,1,,,,,,,,,,1,,,POINT(-78.442 -1.467)
2010,12,28,,,Tengger Caldera,Java,Indonesia,-7.942,112.95,2329,Stratovolcano,Historical,D1,,,,,,,,,,1,,,,,,,,,,,,,POINT(112.95 -7.942)
2011,1,3,,,Merapi,Java,Indonesia,-7.542,110.442,2947,Stratovolcano,Historical,D1,,M,1,1,,,1,1,,1,,,1,1,,,1,1,,1,,,POINT(110.442 -7.542)
2011,1,28,,,Kirishima,Kyushu-Japan,Japan,31.93,130.87,1700,Shield volcano,Historical,D1,,,,,,,,1,,1,,,,,,,,,,,,,POINT(130.87 31.93)
2011,2,23,,,Bulusan,Luzon-Philippines,Philippines,12.77,124.05,1565,Stratovolcano,Historical,D1,2,,1,1,,,,,,,,,1,1,,,,,,,,,POINT(124.05 12.77)
2011,3,18,,,Karangetang [Api Siau],Sangihe Is-Indonesia,Indonesia,2.78,125.48,1784,Stratovolcano,Historical,D1,,,,,,,,,,1,,,,,,,,,,1,,,POINT(125.48 2.78)
2011,4,,,,Tungurahua,Ecuador,Ecuador,-1.467,-78.442,5023,Stratovolcano,Historical,D1,4,,,,,,,,,1,,,,,,,,,,1,,,POINT(-78.442 -1.467)
2011,6,4,,,Puyehue,Chile-C,Chile,-40.59,-72.117,2236,Stratovolcano,Holocene,U,4,,,,,,,,,2,,,,,,,,,,2,,,POINT(-72.117 -40.59)
2011,6,22,,,Nabro,Africa-NE,Eritrea,13.37,41.7,2218,Stratovolcano,Holocene,Unknown,3,,7,1,,,,3,,,,,7,1,,,,3,,,,,POINT(41.7 13.37)
2011,7,9,,,Katla,Iceland-S,Iceland,63.63,-19.05,1512,Subglacial volcano,Historical,D2,,,,,,,,,,1,,,,,,,,,,1,,,POINT(-19.05 63.63)
2011,7,17,,,Lokon-Empung,Sulawesi-Indonesia,Indonesia,1.358,124.792,1580,Stratovolcano,Historical,D1,,,1,1,,,,,,,,,1,1,,,,,,,,,POINT(124.792 1.358)
2011,12,27,,,Gamalama,Halmahera-Indonesia,Indonesia,0.8,127.325,1715,Stratovolcano,Historical,D1,3,m,4,1,,,,1,,,,,4,1,,,,1,,,,,POINT(127.325 0.8)
2012,2,10,,,Kilauea,Hawaiian Is,United States,19.425,-155.292,1222,Shield volcano,Historical,D1,,,,,,,,,,2,,,,,,,,,,2,,,POINT(-155.292 19.425)
2012,3,2,,,Kilauea,Hawaiian Is,United States,19.425,-155.292,1222,Shield volcano,Historical,D1,,L,,,,,,,,1,1,1,,,,,,,,,,,POINT(-155.292 19.425)
2012,12,12,,,Tolbachik,Kamchatka,Russia,55.83,160.33,3682,Shield volcano,Historical,D1,,,,,,,,,,1,,,,,,,,,,1,,,POINT(160.33 55.83)
2013,2,12,,,Merapi,Java,Indonesia,-7.542,110.442,2947,Stratovolcano,Historical,D1,,M,1,1,,,1,1,,1,,,1,1,,,1,1,,1,,,POINT(110.442 -7.542)
2013,2,,,,Paluweh,Lesser Sunda Is,Indonesia,-8.32,121.708,875,Stratovolcano,Historical,D1,,,,,,,,,,1,,1,,,,,,,,1,,1,POINT(121.708 -8.32)
2013,5,7,,,Mayon,Luzon-Philippines,Philippines,13.257,123.685,2462,Stratovolcano,Historical,D1,,,5,1,,,8,1,,,,,5,1,,,8,1,,,,,POINT(123.685 13.257)
2013,8,10,,,Paluweh,Lesser Sunda Is,Indonesia,-8.32,121.708,875,Stratovolcano,Historical,D1,3,,5,1,,,,,,,,,5,1,,,,,,,,,POINT(121.708 -8.32)
2013,9,1,,,Ubinas,Peru,Peru,-16.355,-70.903,5672,Stratovolcano,Historical,D1,,,,,,,,,,1,,,,,,,,,,1,,,POINT(-70.903 -16.355)
2013,9,4,,,Sakura-jima,Kyushu-Japan,Japan,31.58,130.67,1117,Stratovolcano,Historical,D1,,,,,,,,,,1,,,,,,,,,,,,,POINT(130.67 31.58)
2013,9,15,,,Sinabung,Sumatra,Indonesia,3.17,98.392,2460,Stratovolcano,Holocene,U,2,,,,,,,,,2,,,,,,,,,,2,,,POINT(98.392 3.17)
2014,2,1,,,Sinabung,Sumatra,Indonesia,3.17,98.392,2460,Stratovolcano,Holocene,U,,,17,1,,,3,1,,1,,2,17,1,,,3,1,,1,,2,POINT(98.392 3.17)
2014,2,13,,,Kelut,Java,Indonesia,-7.93,112.308,1731,Stratovolcano,Historical,D1,,,7,1,,,,,,3,4098,4,7,1,,,,,,3,4098,4,POINT(112.308 -7.93)
2014,9,27,,,On-take,Honshu-Japan,Japan,35.9,137.48,3063,Complex volcano,Historical,D1,3,,55,2,,,70,2,,,,,55,2,,,70,2,,,,,POINT(137.48 35.9)
2014,11,10,,,Kilauea,Hawaiian Is,United States,19.425,-155.292,1222,Shield volcano,Historical,D1,,,,,,,,,14.5,3,1,1,,,,,,,14.5,3,1,1,POINT(-155.292 19.425)
2014,11,23,,,Fogo,Cape Verde Is,Cape Verde,14.95,-24.35,2829,Stratovolcano,Historical,D1,,,,,,,,,,1,,1,,,,,,,,1,,1,POINT(-24.35 14.95)
